WORD,FREQUENCY_RANKING
の,1
に,2
は,3
が,4
を,5
と,6
も,7
だ,8
で,9
よ,10
な,11
俺,12
から,13
か,14
する,15
こと,16
ね,17
んだ,18
僕,19
って,20
です,21
お前,22
思う,23
いい,24
なる,25
ある,26
言う,27
それ,28
でも,29
ん,30
君,31
けど,32
そう,33
この,34
し,35
いる,36
さん,37
だから,38
そんな,39
なら,40
もう,41
ない,42
だった,43
これ,44
その,45
あ,46
ああ,47
じゃない,48
今,49
だけ,50
だろう,51
見る,52
ここ,53
来る,54
には,55
なんて,56
わかる,57
まで,58
もの,59
さ,60
かな,61
人,62
できる,63
だって,64
うん,65
いう,66
聞く,67
では,68
こんな,69
という,70
顔,71
自分,72
時,73
あの,74
とは,75
もっと,76
なんだ,77
ところ,78
まだ,79
なんか,80
知る,81
悪い,82
のに,83
いや,84
はい,85
ため,86
少し,87
みたい,88
ずっと,89
へ,90
本当,91
まあ,92
ぞ,93
くらい,94
前,95
好き,96
また,97
ように,98
して,99
ただ,100
中,101
どう,102
話す,103
より,104
として,105
一緒,106
ような,107
とか,108
じゃ,109
や,110
よね,111
違う,112
なん,113
部屋,114
今日,115
よい,116
気持ち,117
なんで,118
あなた,119
本当に,120
だろ,121
私,122
嬉しい,123
会う,124
戻る,125
ごめん,126
やる,127
ありがとう,128
わけ,129
ちゃんと,130
だけど,131
考える,132
話,133
お,134
待つ,135
終わる,136
あれ,137
出る,138
んです,139
初めて,140
心,141
ねえ,142
全部,143
行く,144
何,145
どこ,146
ので,147
誰か,148
え,149
ほら,150
分かる,151
ちょっと,152
よう,153
あいつ,154
大丈夫,155
嫌,156
かもしれない,157
かも,158
まま,159
家,160
いつも,161
じゃあ,162
良い,163
こっち,164
忘れる,165
そして,166
すごい,167
何か,168
感じ,169
こうする,170
方,171
よく,172
怖い,173
しか,174
書く,175
うまい,176
そこ,177
ほど,178
昔,179
もん,180
仕事,181
食べる,182
つもり,183
出す,184
ほしい,185
作る,186
体,187
屋,188
見える,189
店,190
奴,191
ことがある,192
覚える,193
入る,194
別に,195
一度,196
結構,197
一つ,198
どうして,199
頃,200
時間,201
心配,202
早い,203
行う,204
こう,205
とき,206
場所,207
安心,208
困る,209
にとって,210
じゃねえ,211
同じ,212
おい,213
言える,214
大事,215
教える,216
みんな,217
急に,218
絶対,219
一人,220
夜,221
持つ,222
日,223
らしい,224
やっぱり,225
頼む,226
きっと,227
優しい,228
誰,229
声,230
でしょう,231
その時,232
はぁ,233
欲しい,234
まさか,235
一番,236
なのに,237
じゃん,238
なあ,239
外,240
人間,241
どんな,242
全然,243
うち,244
うーん,245
あと,246
男,247
取る,248
探す,249
必要,250
とこ,251
置く,252
入れる,253
いつ,254
ようになる,255
わけじゃない,256
気にする,257
たち,258
である,259
べき,260
ダメ,261
気づく,262
帰る,263
伝える,264
信じる,265
多い,266
言葉,267
大切,268
目,269
ですか,270
しばらく,271
しかし,272
２人,273
すぐ,274
そっか,275
驚く,276
止める,277
今度,278
そういう,279
動く,280
くん,281
何度,282
子供,283
もし,284
謝る,285
もちろん,286
手,287
かける,288
家族,289
俺たち,290
それだけ,291
変わる,292
何で,293
不思議,294
寝る,295
他,296
食う,297
生活,298
ばかり,299
こういう,300
やつ,301
なの,302
働く,303
あぁ,304
以外,305
終わり,306
隠す,307
ではない,308
長い,309
見せる,310
気がする,311
抱きしめる,312
それでも,313
変,314
感じる,315
起きる,316
通り,317
最近,318
普通,319
慣れる,320
綺麗,321
よし,322
だが,323
そうする,324
思える,325
えっ,326
風,327
理由,328
離れる,329
守る,330
見つける,331
ご,332
嘘,333
頑張る,334
眠る,335
明日,336
自身,337
分,338
始める,339
よろしく,340
子,341
過ごす,342
おかしい,343
一緒に,344
て,345
事件,346
無理,347
せい,348
遅い,349
続ける,350
読む,351
しっかり,352
ねぇ,353
について,354
う,355
残る,356
深い,357
特別,358
もらう,359
選ぶ,360
確か,361
それじゃあ,362
すべて,363
大変,364
今まで,365
ことになる,366
さっき,367
後,368
そういえば,369
たまに,370
ありがとうございました,371
出会う,372
用意,373
簡単,374
元気,375
たくさん,376
全て,377
喋る,378
呼ぶ,379
意味,380
ようやく,381
年,382
はず,383
はずだ,384
ことができる,385
彼,386
とりあえず,387
当然,388
あんな,389
続く,390
伝わる,391
ぜ,392
ふん,393
気,394
気になる,395
わ,396
最後,397
毎日,398
思い出す,399
つける,400
最初,401
楽しい,402
付き合う,403
上,404
どうしたの,405
とにかく,406
いろんな,407
しかも,408
面白い,409
確かに,410
事実,411
やめる,412
でもない,413
強い,414
泣く,415
ほんと,416
なるほど,417
もしかして,418
せっかく,419
どこか,420
さえ,421
改めて,422
だよね,423
どうした,424
間,425
仕方ない,426
くる,427
使う,428
決める,429
座る,430
喜ぶ,431
捨てる,432
頭,433
先に,434
止まる,435
そりゃ,436
隠れる,437
おかげで,438
なぁ,439
生きる,440
そのまま,441
おお,442
何の,443
聞こえる,444
いける,445
怒る,446
そうか,447
許す,448
痛い,449
方がいい,450
こそ,451
あんまり,452
すみません,453
すげえ,454
先,455
受ける,456
今回,457
巻き込む,458
そうそう,459
何も,460
いろいろ,461
ありがとうございます,462
確認,463
月,464
姿,465
可愛い,466
勝手に,467
想像,468
放つ,469
ものがある,470
きっかけ,471
平気,472
誰も,473
震える,474
あっ,475
なくなる,476
幸せ,477
触れる,478
料理,479
傷,480
そば,481
次,482
など,483
昨日,484
難しい,485
かかる,486
まるで,487
下,488
感情,489
体調,490
特に,491
さすが,492
ことはない,493
朝,494
買う,495
笑う,496
夢,497
ところで,498
笑顔,499
存在,500
残す,501
感謝,502
起こす,503
本気,504
世界,505
愛する,506
連絡,507
大好き,508
すぐに,509
大切にする,510
情報,511
悩む,512
状況,513
あそこ,514
いく,515
連れる,516
適当,517
まきお,518
さあ,519
どうぞ,520
いくら,521
そろそろ,522
えー,523
冗談,524
役,525
いつか,526
先生,527
相変わらず,528
まずは,529
忙しい,530
大きい,531
光,532
直接,533
変える,534
そうだね,535
奥,536
ともえ,537
依頼,538
ずいぶん,539
友達,540
なし,541
なかなか,542
形,543
手伝う,544
明るい,545
いただく,546
嬉しそう,547
助ける,548
調べる,549
めちゃくちゃ,550
高い,551
これまで,552
くれる,553
開ける,554
休む,555
緊張,556
あまり,557
物,558
マジ,559
とても,560
こいつ,561
一体,562
肩,563
荷物,564
どういう,565
足りる,566
似る,567
行動,568
秘密,569
そっち,570
遊ぶ,571
一瞬,572
悲しい,573
まったく,574
それなら,575
後悔,576
久しぶり,577
俺ら,578
気分,579
あの人,580
けれど,581
こちら,582
お客さん,583
しゅん,584
よしあ,585
ありがたい,586
噂,587
立つ,588
黙る,589
反応,590
受け入れる,591
わけではない,592
どれだけ,593
済む,594
終える,595
現れる,596
偶然,597
なー,598
褒める,599
頼る,600
食事,601
向こう,602
単純,603
言い方,604
傷つける,605
千賀,606
はやと,607
生まれる,608
寂しい,609
電話,610
捕まる,611
裏,612
ようにする,613
ゆっくり,614
月城,615
カフェ,616
者,617
逃げる,618
近く,619
報告,620
予定,621
苦しい,622
周り,623
そいつ,624
ふー,625
普段,626
どうしても,627
かう,628
経つ,629
こうして,630
身,631
助かる,632
歳,633
誰にも,634
べ,635
やすい,636
望む,637
へぇ,638
件,639
たって,640
限り,641
所,642
ちがや,643
てか,644
実は,645
仕方がない,646
新しい,647
意外,648
やっぱ,649
人生,650
着る,651
住む,652
断る,653
罪,654
落ち着く,655
警察,656
空,657
嫌い,658
以上,659
これ以上,660
記憶,661
無駄,662
取れる,663
あはは,664
機会,665
売る,666
なり,667
っけ,668
美しい,669
見つかる,670
音,671
足,672
用,673
すんな,674
今さら,675
十分,676
一生,677
３人,678
返す,679
しょうがない,680
暮らす,681
味,682
どれ,683
話をする,684
つい,685
思い出,686
なんだか,687
増える,688
にして,689
邪魔,690
チガヤ,691
かわいい,692
聴く,693
怪我,694
だったら,695
さすがに,696
癖,697
相談,698
届く,699
うわ,700
行ける,701
受け取る,702
理解,703
だいぶ,704
居場所,705
否定,706
逆,707
道,708
くせに,709
飲む,710
彼ら,711
甘い,712
何度も,713
一応,714
隣,715
山,716
奴ら,717
血,718
学校,719
兄弟,720
傷つく,721
あっち,722
回る,723
飯,724
そもそも,725
染まる,726
お客様,727
消す,728
再会,729
決して,730
苦手,731
というか,732
前に,733
とはいえ,734
どんどん,735
もらえる,736
関係,737
貸す,738
すぎる,739
知り合い,740
ははは,741
車,742
突然,743
あんた,744
二人,745
じっと,746
耳,747
正直,748
相手,749
別,750
治る,751
組,752
願う,753
花,754
見られる,755
チーム,756
遠慮,757
熱,758
必ず,759
叶える,760
繰り返す,761
向き合う,762
自由,763
紹介,764
えっと,765
導く,766
納得,767
ほとんど,768
可能性,769
まとも,770
スペース,771
びっくりした,772
はは,773
つまり,774
代わり,775
昼間,776
時に,777
僕たち,778
かどうか,779
日本,780
言う通り,781
さっさと,782
ええ,783
様,784
決まる,785
それより,786
死ぬ,787
父親,788
喧嘩,789
願い,790
勘違い,791
触る,792
冷たい,793
預かる,794
引,795
旬,796
コーヒー,797
落とす,798
一人で,799
もうすぐ,800
どうしよう,801
出てくる,802
今も,803
あのさ,804
おかげ,805
うっ,806
捕まえる,807
広い,808
あちこち,809
殺す,810
自信,811
珍しい,812
倒れる,813
遠い,814
目覚める,815
避ける,816
失う,817
とも,818
結局,819
歌,820
ことにする,821
ていうか,822
やがる,823
無事,824
諦める,825
不安,826
たとえ,827
ひどい,828
眺める,829
むしろ,830
責任,831
今すぐ,832
ロンダリング,833
ちなみに,834
興味,835
それにしても,836
それじゃ,837
自分で,838
ために,839
必死,840
引く,841
勢い,842
雑,843
違い,844
闇,845
寒い,846
嘆く,847
仲良く,848
連れて行く,849
床,850
からこそ,851
いやー,852
そうです,853
顔色,854
若い,855
ちょ,856
面倒,857
亡くなる,858
疲れる,859
当時,860
送る,861
真面目,862
集まる,863
社長,864
案内,865
切る,866
ランドリー,867
やっと,868
様子,869
当たり前,870
誘拐事件,871
とする,872
いつだって,873
過去,874
クリーニング,875
問題,876
愛,877
命,878
残った,879
一日,880
真,881
親父,882
未来,883
印象,884
厳しい,885
中身,886
求める,887
グループ,888
ご飯,889
型,890
暗い,891
口づけ,892
なぜ,893
手紙,894
手伝い,895
ひとつ,896
さぁ,897
複雑,898
開く,899
帰り,900
かい,901
勝手,902
そこから,903
お前ら,904
軽い,905
会話,906
ネックレス,907
ぜん,908
程度,909
暇,910
目的,911
立てる,912
向かう,913
力,914
状態,915
気をつける,916
しれる,917
態度,918
いい子,919
だらけ,920
この辺,921
おとなしい,922
弟,923
ごめんなさい,924
美味しい,925
途中,926
気に入る,927
あー,928
完璧,929
抱く,930
曲,931
時代,932
掃除,933
ください,934
歩く,935
多分,936
みせる,937
素直,938
名前,939
任せる,940
だいたい,941
答える,942
渡す,943
新鮮,944
他人,945
心臓,946
常に,947
メール,948
カウンセラー,949
すっかり,950
お願いします,951
この間,952
声をかける,953
あいつら,954
他に,955
小さい頃,956
赤い,957
ようです,958
そうですね,959
お嬢さん,960
口,961
おいで,962
き,963
冷める,964
それぞれ,965
今年,966
ぶつかる,967
そうやって,968
今こそ,969
あははは,970
立派,971
友恵,972
雨,973
消える,974
恥ずかしい,975
色々,976
木,977
おいしい,978
どっか,979
かなり,980
裏切る,981
余裕,982
本物,983
ちょうど,984
大きな,985
対して,986
全員,987
女,988
季節,989
演じる,990
楽,991
ちゃん,992
元,993
ありがと,994
もともと,995
撫でる,996
ぐらい,997
関わる,998
お願い,999
こんな風に,1000
もういい,1001
ついでに,1002
なれる,1003
すまない,1004
ではないか,1005
ようだ,1006
ポイント,1007
抵抗,1008
ルカ,1009
焦る,1010
聞かせる,1011
おっと,1012
つく,1013
になると,1014
側,1015
良くなる,1016
きれい,1017
利用,1018
それなり,1019
ほうがいい,1020
楽しみ,1021
立ち止まる,1022
いえ,1023
久しぶりに,1024
続き,1025
わけにはいかない,1026
気にしない,1027
未だに,1028
海外,1029
引き受ける,1030
一言,1031
世話,1032
素晴らしい,1033
こうやって,1034
そしたら,1035
呼ばれる,1036
ちげえ,1037
目を閉じる,1038
大した,1039
熱い,1040
申し訳ない,1041
お互い,1042
わざわざ,1043
姫,1044
いなくなる,1045
といい,1046
景色,1047
薬,1048
向ける,1049
患者,1050
握る,1051
落ちる,1052
江戸,1053
はっきり,1054
勝つ,1055
信頼,1056
振る,1057
進める,1058
人気,1059
多少,1060
大人,1061
判断,1062
病気,1063
本人,1064
夜明け,1065
唯一,1066
余計,1067
降りる,1068
出かける,1069
気持ちいい,1070
東道,1071
来てる,1072
匂い,1073
映る,1074
外出,1075
確かめる,1076
完全,1077
間違える,1078
苦労,1079
喜び,1080
見失う,1081
限界,1082
見かける,1083
合う,1084
事情,1085
持ってくる,1086
いとこ,1087
時期,1088
笑える,1089
僕ら,1090
一回,1091
ばっか,1092
必要ない,1093
質問,1094
集める,1095
足りない,1096
繋がる,1097
大事にする,1098
とる,1099
飽きる,1100
辞める,1101
すぎ,1102
何とか,1103
なので,1104
冷える,1105
父,1106
仲間,1107
呼吸,1108
日々,1109
幼馴染,1110
と言った,1111
具合,1112
でもある,1113
いっぱい,1114
両親,1115
犯人,1116
背中,1117
早速,1118
似合う,1119
楽しむ,1120
恋人,1121
どうせ,1122
国,1123
構わない,1124
思い,1125
後ろ,1126
自体,1127
瞬間,1128
髪,1129
服,1130
名乗る,1131
懐かしい,1132
離す,1133
からかう,1134
さて,1135
激しい,1136
いただける,1137
だめ,1138
勉強,1139
歌詞,1140
すら,1141
おはよう,1142
危ない,1143
おやすみなさい,1144
赤,1145
手当て,1146
ことがない,1147
上がる,1148
片付ける,1149
お金,1150
１日,1151
んで,1152
なさそう,1153
心地よい,1154
いやいや,1155
かわいそう,1156
静かに,1157
もうちょっと,1158
本気で,1159
家を出る,1160
その後,1161
おく,1162
その人,1163
請け負う,1164
まさに,1165
正解,1166
静か,1167
調査,1168
通称,1169
当たり,1170
年上,1171
払う,1172
分ける,1173
時の,1174
目立つ,1175
有名,1176
涙,1177
ろう,1178
直す,1179
何にも,1180
しまう,1181
正しい,1182
人たち,1183
文句,1184
自然,1185
城,1186
当たる,1187
ただいま,1188
久々,1189
行く先,1190
がち,1191
お世話になる,1192
しまった,1193
もがく,1194
叶う,1195
縁側,1196
殴る,1197
事,1198
いくつか,1199
休憩,1200
ごく,1201
原因,1202
最悪,1203
以前,1204
練習,1205
進む,1206
まず,1207
へえ,1208
猫,1209
ばっかり,1210
煽る,1211
寝顔,1212
方法,1213
洗濯,1214
秋,1215
汚れる,1216
考え,1217
疑う,1218
我慢,1219
越す,1220
カレー,1221
お父さん,1222
少々,1223
出て行く,1224
楽しみにする,1225
作品,1226
賢い,1227
計画,1228
バカ,1229
向う,1230
島,1231
犬,1232
得意,1233
お礼,1234
あげる,1235
庭,1236
好きになる,1237
満足,1238
夜中,1239
親,1240
乱す,1241
まぁ,1242
街,1243
いいえ,1244
オッケー,1245
命令,1246
誘拐犯,1247
はずです,1248
いきなり,1249
飼う,1250
きつい,1251
水,1252
兄,1253
彼女,1254
チェック,1255
もしもし,1256
うるさい,1257
耐える,1258
はっ,1259
買い物,1260
描く,1261
文字,1262
こんなに,1263
高校生,1264
沈む,1265
視聴,1266
支える,1267
自宅,1268
心当たり,1269
行為,1270
神,1271
整理,1272
関する,1273
駆け出す,1274
保護,1275
あくまで,1276
勇気,1277
対する,1278
ついて,1279
気を使う,1280
なんでもいい,1281
難解,1282
間違い,1283
って言う,1284
想い,1285
めんどくさい,1286
入院,1287
稼ぐ,1288
ケース,1289
引っかかる,1290
どうやって,1291
幾千,1292
落ち着いた,1293
横,1294
それはそれで,1295
なくても,1296
気にしないで,1297
何かあったの,1298
おすすめ,1299
その代わり,1300
どうせなら,1301
ミステリー,1302
おいおい,1303
突,1304
ショック,1305
ハンサム,1306
それとも,1307
るか,1308
花岡,1309
るり,1310
理想,1311
冬,1312
柔らかい,1313
頑張って,1314
迷惑,1315
ってな,1316
っぽい,1317
変わった,1318
病院,1319
この手,1320
やってくる,1321
ござる,1322
そうすれば,1323
あたり,1324
なんでもない,1325
よろしくお願いします,1326
残念,1327
掴む,1328
息,1329
皆さん,1330
登る,1331
寄る,1332
構いません,1333
輝く,1334
ごまかす,1335
慌てる,1336
代わりに,1337
証拠,1338
ふふ,1339
愛情,1340
運ぶ,1341
ネット,1342
いいから,1343
バレる,1344
愛おしい,1345
温める,1346
アパート,1347
跡,1348
使える,1349
君たち,1350
支度,1351
出会い,1352
もったいない,1353
答え,1354
とっておき,1355
内緒,1356
秋久,1357
みな,1358
唇,1359
鳥,1360
友,1361
随分,1362
会長,1363
やはり,1364
多く,1365
場,1366
暑い,1367
見に来る,1368
重い,1369
いい感じ,1370
情,1371
言い訳,1372
ったく,1373
どうかした,1374
見た目,1375
発見,1376
道具,1377
優しくする,1378
努力,1379
サポート,1380
店長,1381
つる,1382
おやすみ,1383
たく,1384
羨ましい,1385
味わう,1386
先ほど,1387
恋,1388
夏,1389
大げさ,1390
間違う,1391
窓,1392
手入れ,1393
温かい,1394
どうにか,1395
愛しい,1396
案外,1397
いいこと,1398
やばい,1399
わけない,1400
可愛らしい,1401
この先,1402
一,1403
実,1404
なるべく,1405
ご褒美,1406
持って行く,1407
空気,1408
嫌う,1409
扱い,1410
息子,1411
返事,1412
誘う,1413
持てる,1414
言,1415
ギリギリ,1416
手に入れる,1417
いつまでも,1418
無理をする,1419
香りがする,1420
やだ,1421
秘書,1422
買い出し,1423
扱う,1424
娘,1425
今夜,1426
お仕置き,1427
香り,1428
腕,1429
母さん,1430
約束,1431
中学,1432
着物,1433
覚悟,1434
一人暮らし,1435
姉,1436
なんてこと,1437
できれば,1438
限る,1439
はっきり言う,1440
すまなかった,1441
起こる,1442
ら,1443
一切,1444
黒,1445
悪化,1446
ゲーム,1447
それで,1448
急,1449
時々,1450
距離,1451
時折,1452
こもる,1453
業務,1454
傷跡,1455
閉じ込める,1456
仲良し,1457
恥,1458
結果,1459
女性,1460
内容,1461
下がる,1462
おーい,1463
あっさり,1464
だろうか,1465
少なくとも,1466
それどころか,1467
目が覚める,1468
千,1469
帰ってくる,1470
浴びる,1471
友人,1472
優秀,1473
閉店,1474
負う,1475
半分,1476
荒れる,1477
たび,1478
電気,1479
通報,1480
ほぼ,1481
追う,1482
相当,1483
どっち,1484
すでに,1485
席,1486
数日,1487
照れる,1488
作業,1489
小さい,1490
重ねる,1491
えらい,1492
袋,1493
それも,1494
量,1495
情けない,1496
初めまして,1497
そんなに,1498
さぞかし,1499
誤解,1500
間違いない,1501
何もない,1502
全く,1503
際,1504
缶,1505
もう一つ,1506
話しかける,1507
会,1508
いつまで経っても,1509
丁寧,1510
風紀,1511
吹く,1512
口づける,1513
フッ,1514
父さん,1515
鍵,1516
どうやら,1517
眠れる,1518
兄さん,1519
子役,1520
まだまだ,1521
濡れる,1522
連中,1523
皆,1524
待たせる,1525
セリフ,1526
頬,1527
場合,1528
わあ,1529
早め,1530
コキ使う,1531
手がかり,1532
ずるい,1533
話せる,1534
放る,1535
抜ける,1536
それ以上,1537
賀谷,1538
嘘をつく,1539
ビビる,1540
いらっしゃる,1541
おまけに,1542
きちんと,1543
影響,1544
タイミング,1545
永遠,1546
下手,1547
会社,1548
甘やかす,1549
企業,1550
苦しむ,1551
見知らぬ,1552
最高,1553
失礼,1554
ど,1555
嫉妬,1556
とっくに,1557
実際,1558
ところが,1559
春,1560
写真,1561
これだけ,1562
エルエル,1563
心配をかける,1564
整う,1565
呼び出す,1566
と思うと,1567
いざ,1568
ものにする,1569
歌う,1570
ほっと,1571
喋り,1572
づらい,1573
こっそり,1574
越,1575
規則正しい,1576
お互い様,1577
その場,1578
思われる,1579
重なる,1580
あの子,1581
手間,1582
職,1583
食欲,1584
でよ,1585
時間がかかる,1586
だからこそ,1587
関係ない,1588
すまん,1589
っていうか,1590
通す,1591
行ってくる,1592
譲る,1593
あっという間,1594
連絡が取れる,1595
スタッフルーム,1596
ゴミ,1597
よく言う,1598
られる,1599
今になって,1600
んな,1601
つ,1602
育つ,1603
どうにも,1604
真似,1605
間近,1606
預ける,1607
二度,1608
連れ出す,1609
うつむく,1610
数,1611
面,1612
その頃,1613
込む,1614
晒す,1615
大体,1616
迷い,1617
そん,1618
上手い,1619
寝かせる,1620
でっかい,1621
きれる,1622
今更,1623
酷い,1624
方が良い,1625
おう,1626
すげぇ,1627
どの,1628
急ぐ,1629
怪しい,1630
訪れる,1631
遂げる,1632
世間,1633
責める,1634
全力,1635
尊敬,1636
大学,1637
ただし,1638
やたら,1639
知り合う,1640
虫,1641
張り切る,1642
調子,1643
棚,1644
同時に,1645
越える,1646
平穏,1647
まずい,1648
肉,1649
不敵,1650
薄い,1651
表現,1652
反対,1653
天気,1654
比べる,1655
誘拐,1656
自ら,1657
ドラマ,1658
太陽,1659
いただきます,1660
その手,1661
院,1662
なに,1663
トイレ,1664
近藤,1665
舐める,1666
小林,1667
テーマ,1668
かって,1669
脱ぐ,1670
たまらない,1671
狭い,1672
幸福,1673
こなす,1674
名,1675
認める,1676
胸,1677
準備,1678
お疲れ様,1679
我,1680
眩しい,1681
担当,1682
アンチ,1683
女の子,1684
しがや,1685
修理,1686
好み,1687
アイス,1688
プレゼント,1689
古い,1690
でしょうか,1691
餌,1692
客,1693
ひが,1694
繋ぐ,1695
先輩,1696
新選組,1697
刀,1698
不明,1699
閉,1700
同時,1701
与える,1702
無力,1703
のんびり,1704
同然,1705
特定,1706
あんま,1707
賑やか,1708
無関係,1709
日常,1710
未,1711
末,1712
毎晩,1713
お店,1714
本心,1715
年間,1716
本,1717
暴れる,1718
反省,1719
うるせえ,1720
秒,1721
背,1722
不条理,1723
訪ねる,1724
呆れる,1725
雰囲気,1726
不便,1727
用事,1728
この人,1729
絡む,1730
すぐにでも,1731
世話になる,1732
最近になって,1733
知られる,1734
だけでいい,1735
厄介,1736
朝早く,1737
フラフラ,1738
げー,1739
好きなだけ,1740
そんなわけで,1741
ってのは,1742
見ての通り,1743
戻ってくる,1744
すっごい,1745
どころ,1746
夢を見る,1747
うまくいく,1748
要件,1749
何それ,1750
どうしたん,1751
例えば,1752
いいね,1753
恋愛,1754
湧く,1755
葉っぱ,1756
どうか,1757
例,1758
要は,1759
その間,1760
違いない,1761
なんです,1762
ー,1763
ことなく,1764
気遣う,1765
小さな,1766
やっちまう,1767
問題ない,1768
気をつけて,1769
同じく,1770
傾向,1771
５日,1772
してい,1773
指導,1774
去年,1775
死,1776
紙,1777
器用,1778
いたって,1779
活動,1780
確保,1781
事前,1782
示す,1783
自分自身,1784
こぼれる,1785
青ざめる,1786
自慢,1787
いつの間にか,1788
下げる,1789
思わず,1790
始まる,1791
散らばる,1792
参加,1793
戦い,1794
堂々,1795
振る舞う,1796
経験,1797
警戒,1798
驚き,1799
減る,1800
得る,1801
応援,1802
語る,1803
競う,1804
ナルコレプシー,1805
許可,1806
光栄,1807
書,1808
居眠り,1809
さらに,1810
咲く,1811
鏡,1812
同い年,1813
泳ぐ,1814
弱る,1815
染める,1816
禅,1817
手に入る,1818
早く,1819
走る,1820
憎む,1821
卒業,1822
帯びる,1823
仲,1824
挑戦,1825
怯える,1826
いらっしゃいませ,1827
的,1828
一面,1829
ともかく,1830
都合,1831
東京,1832
ものすごい,1833
お腹,1834
身長,1835
笑い,1836
意地悪,1837
悪,1838
主,1839
青,1840
吸う,1841
周囲,1842
テレビ,1843
星屑,1844
実力,1845
重要,1846
今時,1847
順調,1848
償い,1849
狭間,1850
なおさら,1851
なんと,1852
オンライン,1853
照らす,1854
出来事,1855
充実,1856
どうしたら,1857
共,1858
ちゃ,1859
ハハハ,1860
空く,1861
かなう,1862
つらい,1863
外に,1864
しま,1865
馬鹿,1866
そうだよね,1867
しく,1868
良くする,1869
辛い,1870
辺り,1871
たり,1872
まつ,1873
んん,1874
痛む,1875
んー,1876
務める,1877
へー,1878
溢れる,1879
くそ,1880
のだ,1881
しー,1882
込み,1883
いいって言う,1884
ううん,1885
はあ,1886
かた,1887
大使,1888
ひじ,1889
連絡先,1890
主人,1891
ドイツ,1892
包帯,1893
見つめる,1894
いけません,1895
ストーカー,1896
咳,1897
旦那,1898
いくらでも,1899
じゃないか,1900
吐く,1901
恋しい,1902
どうでもいい,1903
ふふふ,1904
よる,1905
ついてくる,1906
また明日,1907
大切な人,1908
妙,1909
逃げ出す,1910
お菓子,1911
によって,1912
カーテン,1913
ドア,1914
夫,1915
ファン,1916
リビング,1917
音楽,1918
海,1919
額,1920
感想,1921
汗,1922
危険,1923
気晴らし,1924
興奮,1925
近所,1926
系,1927
誓う,1928
迎える,1929
今後,1930
拾う,1931
潤む,1932
鬼,1933
純粋,1934
あいにく,1935
善,1936
卒業式,1937
魂,1938
ますます,1939
戦う,1940
いたる,1941
甘える,1942
借りる,1943
宿,1944
小説家,1945
上位,1946
町,1947
色,1948
信用,1949
身近,1950
洗う,1951
素敵,1952
探る,1953
着替える,1954
飛ぶ,1955
溺れる,1956
内部,1957
発端,1958
表情,1959
風呂,1960
抱える,1961
満たす,1962
役目,1963
伝言,1964
仕方,1965
超,1966
止む,1967
元通り,1968
近い,1969
禁止,1970
ものになる,1971
それこそ,1972
大,1973
しつこい,1974
大きくなる,1975
キス,1976
メッセージ,1977
果たす,1978
入り,1979
浮かぶ,1980
暮らし,1981
やり方,1982
連れ去る,1983
面倒を見る,1984
好きにする,1985
マキ,1986
ご両親,1987
願い事,1988
おかしな,1989
ロボット,1990
意思,1991
依頼人,1992
感覚,1993
風見,1994
手当,1995
どうしようもない,1996
洗濯物,1997
これぐらい,1998
じゃねー,1999
ずつ,2000
降る,2001
ヤバい,2002
団,2003
骨,2004
鉄,2005
池田,2006
ウサギ,2007
メイド,2008
神仙,2009
今頃,2010
反抗,2011
晩,2012
務め,2013
休み,2014
美女,2015
病人,2016
不審,2017
ふと,2018
文,2019
文章,2020
閉じる,2021
無視,2022
戻り,2023
寄り添う,2024
夜空,2025
役者,2026
よかったら,2027
明かり,2028
悔しい,2029
飲み物,2030
見逃す,2031
おまえ,2032
寄せる,2033
懐う,2034
映像,2035
届ける,2036
動かす,2037
逃がす,2038
今宵,2039
噛む,2040
もはや,2041
改善,2042
済ませる,2043
支配,2044
壊れる,2045
失敗,2046
首輪,2047
収まる,2048
収穫,2049
住所,2050
互い,2051
出歩く,2052
飾る,2053
新曲,2054
狙う,2055
解く,2056
大嫌い,2057
大胆,2058
団子,2059
知らせる,2060
監視,2061
点,2062
遠く,2063
到底,2064
飾り,2065
地獄,2066
いずれ,2067
意識,2068
付き,2069
スマホ,2070
ご存知,2071
赤の他人,2072
愛し合う,2073
狂わせる,2074
睡眠障害,2075
他にも,2076
くっつく,2077
ジャケット,2078
パンケーキ,2079
にて,2080
メンバー,2081
救う,2082
嫌がらせ,2083
何事,2084
回す,2085
冷やす,2086
癒える,2087
迷う,2088
眠い,2089
長旅,2090
詳しい,2091
風邪,2092
首筋,2093
慌ただしい,2094
好く,2095
恐ろしい,2096
三,2097
輝き,2098
悔やむ,2099
取り締まる,2100
いっそ,2101
少しずつ,2102
いつまで,2103
人手,2104
つつ,2105
並ぶ,2106
部,2107
やがて,2108
カウンセリング,2109
イライラ,2110
構う,2111
バター,2112
惹かれる,2113
パン,2114
格好,2115
ペット,2116
以来,2117
最中,2118
知,2119
知らない,2120
よりによって,2121
だっけ,2122
コインランドリー,2123
お使い,2124
音がする,2125
迷子になる,2126
いいか,2127
礼を言う,2128
なんだっけ,2129
もう一回,2130
不審者,2131
生きていく,2132
呼び方,2133
声を出す,2134
傷を負う,2135
力になる,2136
ほう,2137
微笑む,2138
白,2139
大人しい,2140
染みる,2141
期待,2142
うわっ,2143
張る,2144
もと,2145
フリ,2146
斬る,2147
肌,2148
せんぱい,2149
お部屋,2150
トモ,2151
任務,2152
まんじゅう,2153
下女,2154
隊,2155
菓子,2156
収録,2157
遠慮なく,2158
ごちそうさまでした,2159
強いて言えば,2160
後で,2161
どの道,2162
姿を消す,2163
場合によって,2164
なしで,2165
引き取る,2166
とて,2167
でもって,2168
モデル,2169
委ねる,2170
生きる道,2171
ということは,2172
長いこと,2173
なければ,2174
夜遅く,2175
運命,2176
あんな風に,2177
顔を上げる,2178
ごとき,2179
やら,2180
異なる,2181
違和感,2182
恋をする,2183
にしても,2184
唯一無二,2185
役に立つ,2186
責任を取る,2187
不服,2188
チッ,2189
何日,2190
手放す,2191
近づく,2192
金,2193
愚か,2194
はいる,2195
上げる,2196
言い切る,2197
鼓動,2198
おめでとう,2199
幸い,2200
合流,2201
仲いい,2202
でかい,2203
こんにちは,2204
最善,2205
偉い,2206
可哀想,2207
野菜,2208
何度でも,2209
びっくり,2210
気分転換,2211
価値,2212
眠りにつく,2213
うせる,2214
ちょうどいい,2215
可能,2216
び,2217
１年,2218
会合,2219
雪,2220
つーか,2221
たまる,2222
参る,2223
灰色,2224
がい,2225
確信,2226
希望,2227
気のせい,2228
よろしい,2229
っす,2230
ピンク,2231
ダイエット,2232
償う,2233
傷口,2234
祝い,2235
衆,2236
呪い,2237
３つ,2238
作戦,2239
まあまあ,2240
イメージ,2241
務まる,2242
去る,2243
寄り道,2244
間に合う,2245
緩む,2246
壊す,2247
会わせる,2248
ガキ,2249
息抜き,2250
一息,2251
青い,2252
祖母,2253
憎い,2254
待ち遠しい,2255
割と,2256
顔出し,2257
寝ぼける,2258
頼み,2259
履く,2260
広がる,2261
月明かり,2262
どり,2263
てる,2264
一口,2265
隅々,2266
おや,2267
話し合う,2268
迷子,2269
入り込む,2270
日頃,2271
踏む,2272
昼,2273
脱げる,2274
待ち合わせ,2275
数多,2276
何でもない,2277
押し殺す,2278
バタバタ,2279
シンプル,2280
スタジオ,2281
まあね,2282
つまらない,2283
あきひさ,2284
手を握る,2285
そうじゃなくて,2286
気はない,2287
役に立てる,2288
何があっても,2289
姿を見せる,2290
ロボ,2291
誰だって,2292
であれば,2293
こととなる,2294
というより,2295
生活を送る,2296
冗談じゃない,2297
それと,2298
個人情報,2299
これほど,2300
今のところ,2301
罪悪感,2302
デビュー,2303
カフェオレ,2304
後から,2305
よこす,2306
そこそこ,2307
エピソード,2308
ゲームセンター,2309
ぐちゃぐちゃ,2310
フルート,2311
例の,2312
同一人物,2313
ぶつける,2314
診療所,2315
いつでも,2316
予想通り,2317
変に,2318
部外者,2319
愛す,2320
この通り,2321
子供の頃,2322
無くす,2323
見守る,2324
凸,2325
次第,2326
そりゃあ,2327
首,2328
効く,2329
位置,2330
毎年,2331
鈍い,2332
伸びる,2333
過ぎる,2334
脅かす,2335
人形,2336
人参,2337
おる,2338
両手,2339
流れる,2340
立場,2341
知れる,2342
洋館,2343
有能,2344
目指す,2345
儲かる,2346
滅多,2347
無防備,2348
人通り,2349
未熟,2350
退屈,2351
たまたま,2352
別れる,2353
追いかける,2354
残り,2355
式,2356
自販機,2357
いやぁ,2358
気にすんな,2359
芝居,2360
手を繋ぐ,2361
取り戻す,2362
手助け,2363
２人とも,2364
襲う,2365
出来上がる,2366
生徒,2367
小学生,2368
少ない,2369
条件,2370
すむ,2371
食べ物,2372
シュンと,2373
そちら,2374
私服,2375
安らぐ,2376
眺め,2377
とっても,2378
絶対に,2379
自己紹介,2380
惜しい,2381
ぶり,2382
超える,2383
盗む,2384
通う,2385
反する,2386
からい,2387
字,2388
通る,2389
綴る,2390
定休日,2391
提案,2392
抜く,2393
よければ,2394
まー,2395
資格,2396
派手,2397
石,2398
覗く,2399
ないし,2400
布団,2401
泥,2402
ノロマ,2403
訳,2404
豚,2405
不満,2406
沈黙,2407
追い出す,2408
死体,2409
本番,2410
暴力,2411
宝石,2412
説明,2413
閉める,2414
繊細,2415
全,2416
物足りない,2417
じゃねぇ,2418
着く,2419
倉庫,2420
登場,2421
お疲れさま,2422
恥じらう,2423
鍛える,2424
短い,2425
揃う,2426
そこで,2427
足首,2428
評判,2429
騒ぎ,2430
評価,2431
腹,2432
居る,2433
世話役,2434
泊まる,2435
遅刻,2436
ベア,2437
こだわり,2438
輩,2439
新,2440
バイト,2441
ずき,2442
戦,2443
小鉄,2444
高校,2445
茶,2446
劇,2447
そうじ,2448
ラーメン,2449
マンション,2450
となる,2451
演奏,2452
舌,2453
乱暴,2454
シーン,2455
そなた,2456
ジャングルジム,2457
ヨシヤ,2458
ご自身,2459
手を出す,2460
ポスター,2461
指,2462
クラス,2463
派,2464
入り混じる,2465
草むら,2466
漏らす,2467
小型,2468
係,2469
落ち着ける,2470
だんだん,2471
引き止める,2472
打ち明ける,2473
持ち主,2474
散々,2475
ういういしい,2476
帰す,2477
立ち入る,2478
記す,2479
がたい,2480
慣らす,2481
帰国,2482
割り切れる,2483
押し付ける,2484
押し倒す,2485
押し込む,2486
汚す,2487
なんとなく,2488
東向き,2489
背負う,2490
桜,2491
一眠り,2492
かぶる,2493
一部,2494
安い,2495
オーナー,2496
でしかない,2497
これを機に,2498
雨が降る,2499
ぬいぐるみ,2500
片,2501
かえって,2502
様子を見る,2503
抱きつく,2504
壁,2505
ってことは,2506
付き合い,2507
斬り合う,2508
いな,2509
歩き回る,2510
ウェイト,2511
境,2512
いてる,2513
出入り,2514
守,2515
取り掛かる,2516
叱る,2517
自力,2518
自動,2519
治療,2520
持ち合わせる,2521
支え,2522
指示,2523
殴り飛ばす,2524
思い入れ,2525
人当たり,2526
尋ねる,2527
整える,2528
頃合い,2529
晴らす,2530
隙間,2531
剣術,2532
見せかけ,2533
くだらない,2534
店先,2535
観察,2536
救われる,2537
いじる,2538
首元,2539
丁,2540
思い込み,2541
生き,2542
更ける,2543
合わせる,2544
天堂,2545
調,2546
混ざり合う,2547
ぴったり,2548
緊急事態,2549
そうしたら,2550
言い難い,2551
行われる,2552
外側,2553
何もかも,2554
香ばしい,2555
正々堂々,2556
品,2557
やつか,2558
０時,2559
ああああ,2560
今朝,2561
しようとする,2562
誕生石,2563
振られる,2564
人目,2565
このくらい,2566
どこまで,2567
業,2568
に限って,2569
荒々しい,2570
気遣い,2571
どれほど,2572
忍,2573
めっちゃ,2574
端,2575
金木犀,2576
ご苦労,2577
ましょうか,2578
私たち,2579
共に,2580
ぼーっと,2581
ひと,2582
心配性,2583
しがみつく,2584
さてさて,2585
忘れ物,2586
めて,2587
鳴く,2588
なんともない,2589
普通に,2590
事件性,2591
寝落ち,2592
結ばれる,2593
グループ会社,2594
クレーンゲーム,2595
見るから,2596
書き始める,2597
思い続ける,2598
あるだけ,2599
続,2600
思い切り,2601
何せ,2602
いい人,2603
バカみたい,2604
いい男,2605
絆,2606
話し相手,2607
その日,2608
ちょっとした,2609
溶ける,2610
同じくらい,2611
頑張り屋,2612
あの頃,2613
なんなら,2614
拗ねる,2615
焼き魚,2616
あた,2617
苦,2618
任命,2619
日用品,2620
にぎわう,2621
ながら,2622
突き止める,2623
読み,2624
毒舌,2625
匿名,2626
憧れ,2627
動き回る,2628
動,2629
当日,2630
湯気,2631
怒り,2632
途端に,2633
認識,2634
悩み,2635
能力,2636
爆発,2637
不都合,2638
不足,2639
不在,2640
不幸,2641
不公平,2642
不快,2643
不可能,2644
塗る,2645
不安定,2646
漂う,2647
飛ばす,2648
被害,2649
疲れ,2650
扉,2651
半,2652
発表,2653
表,2654
まとめる,2655
店舗,2656
天然,2657
増す,2658
騒ぐ,2659
相棒,2660
訴える,2661
組長,2662
素人,2663
全体,2664
贈る,2665
鮮やか,2666
説教,2667
折れる,2668
切,2669
積む,2670
精一杯,2671
生意気,2672
星,2673
先日,2674
部分,2675
対処,2676
大きさ,2677
天才,2678
潰れる,2679
直前,2680
長話,2681
朝食,2682
注文,2683
忠告,2684
台本,2685
中途半端,2686
地上,2687
男性,2688
男の人,2689
たどり着く,2690
脱する,2691
達成,2692
大企業,2693
着替え,2694
成果,2695
復帰,2696
併設,2697
狂わす,2698
思う存分,2699
集まり,2700
分かれる,2701
夜更かし,2702
やり直す,2703
満ちる,2704
塞がる,2705
響き,2706
事態,2707
基準,2708
肝心,2709
映す,2710
いよいよ,2711
生き方,2712
お気に入り,2713
途端,2714
なんでも,2715
耳元,2716
多め,2717
断,2718
渡し,2719
体勢,2720
定期的,2721
精神的,2722
身勝手,2723
あらゆる,2724
錠,2725
たからか,2726
そうして,2727
おかえり,2728
根っこ,2729
ろくな,2730
揺るがす,2731
もしも,2732
悲喜,2733
夕飯,2734
別人,2735
たやすい,2736
幼稚,2737
予約,2738
無言,2739
無縁,2740
夢中,2741
眠り,2742
揺れる,2743
埋める,2744
膨らむ,2745
包み,2746
母親,2747
保つ,2748
返答,2749
変化,2750
並べる,2751
本来,2752
物騒,2753
養生,2754
裏庭,2755
まっすぐ,2756
丈夫,2757
傾く,2758
火傷,2759
贅沢,2760
揉む,2761
詫び,2762
乱れる,2763
話題,2764
連想,2765
励ます,2766
類,2767
旅行,2768
旅,2769
留守番,2770
流,2771
連続,2772
数年,2773
数多く,2774
酔う,2775
穏やか,2776
ぬくもり,2777
王子,2778
汚い,2779
沿って,2780
一心,2781
一月,2782
一気,2783
１階,2784
移る,2785
椅子,2786
意見,2787
以内,2788
安堵,2789
握手,2790
何より,2791
何時,2792
可憐,2793
過保護,2794
気軽,2795
気楽,2796
帰宅,2797
機械,2798
がん,2799
環境,2800
感触,2801
愛らしい,2802
勘弁,2803
活躍,2804
学年,2805
学生,2806
確実,2807
回目,2808
回復,2809
解散,2810
活力,2811
ランニング,2812
ランチ,2813
メニュー,2814
させる,2815
これから,2816
こうすれば,2817
お大事に,2818
うっさい,2819
低,2820
なんなん,2821
そっくり,2822
くっそ,2823
のう,2824
ばい,2825
混,2826
ぽっちゃり,2827
どん,2828
辞,2829
てく,2830
祈る,2831
たっぷり,2832
もしかしたら,2833
メディア,2834
マイク,2835
ブラック,2836
パソコン,2837
ニコニコ,2838
ドリンク,2839
トラウマ,2840
ボロボロ,2841
どうにもならない,2842
ストレス,2843
スケジュール,2844
ジュエリー,2845
サッカー,2846
サイト,2847
エプロン,2848
ワクワク,2849
タイプ,2850
義理,2851
休める,2852
休日,2853
承諾,2854
小説,2855
勝負,2856
ついで,2857
初対面,2858
出来,2859
出演,2860
消毒,2861
重大,2862
酒,2863
種類,2864
取り上げる,2865
室内,2866
時点,2867
時間帯,2868
試す,2869
臭い,2870
視界,2871
称号,2872
上等,2873
ず,2874
尽くす,2875
刃物,2876
身柄,2877
真夜中,2878
真似る,2879
深刻,2880
詳細,2881
振り返る,2882
心残り,2883
心強い,2884
職業,2885
拭く,2886
畳,2887
情け,2888
場面,2889
振り回す,2890
起き出す,2891
指す,2892
シテ,2893
みっともない,2894
かねる,2895
芸能,2896
ホタル,2897
経営者,2898
敬語,2899
形跡,2900
見事,2901
兄貴,2902
具体的,2903
苦い,2904
極力,2905
強気,2906
強引,2907
叫ぶ,2908
共有,2909
ほる,2910
姿勢,2911
原稿,2912
後回し,2913
察する,2914
錯覚,2915
作家,2916
細かい,2917
済ます,2918
才能,2919
差,2920
午前,2921
告げる,2922
荒らす,2923
荒い,2924
控える,2925
広さ,2926
好意,2927
向く,2928
光る,2929
行,2930
一安心,2931
人手不足,2932
でさえ,2933
やったー,2934
わし,2935
解る,2936
長い間,2937
調子に乗る,2938
頼,2939
抜き,2940
中でも,2941
最後まで,2942
今でも,2943
近いうちに,2944
気に食わない,2945
気が狂う,2946
顔を合わせる,2947
なんだかんだ,2948
音を立てる,2949
この世,2950
休,2951
組む,2952
メールアドレス,2953
内,2954
目を覚ます,2955
またね,2956
恨みを買う,2957
いいとこ,2958
いいところ,2959
慣れた,2960
手を引く,2961
手を差し伸べる,2962
罪を着せる,2963
柄,2964
がら,2965
くが,2966
自分のために,2967
ひじかた,2968
相思相愛,2969
疲れた,2970
てめえ,2971
てめぇ,2972
帰,2973
ものの,2974
なくす,2975
ぷ,2976
頭を下げる,2977
ものである,2978
による,2979
であろう,2980
うさぎ,2981
とともに,2982
我が,2983
なんでもや,2984
うる,2985
ふりをする,2986
たぶん,2987
えーっと,2988
眼,2989
載せる,2990
１ケ月,2991
あまい,2992
かわす,2993
無し,2994
ってか,2995
貝,2996
割,2997
よさそう,2998
叔父,2999
明ける,3000
はな,3001
監視カメラ,3002
１人,3003
ひとり,3004
かんざし,3005
惚れる,3006
よー,3007
極める,3008
睨む,3009
ねー,3010
美味しそう,3011
ついてる,3012
あきる,3013
とっさ,3014
何のこと,3015
あるとき,3016
ひく,3017
昇る,3018
締める,3019
草,3020
あい,3021
加える,3022
かすか,3023
でなければ,3024
フフ,3025
縁,3026
健康,3027
おけばよかった,3028
それほど,3029
楽にする,3030
お泊まり,3031
したっけ,3032
そんな風に,3033
また今度,3034
兵,3035
やけに,3036
かのように,3037
幸せにする,3038
無駄になる,3039
切れる,3040
おしゃれ,3041
頼むから,3042
続けて,3043
目に映る,3044
本気にする,3045
凄い,3046
かつて,3047
お返し,3048
時間を作る,3049
味を見る,3050
どこにでもいる,3051
っつーか,3052
まいる,3053
あふれる,3054
面倒見る,3055
そういうもん,3056
ご存知の通り,3057
思いをする,3058
ガニ,3059
ては,3060
わけがある,3061
安男,3062
埋,3063
暖かい,3064
言葉にする,3065
早ければ,3066
イラッと,3067
あったかい,3068
まんま,3069
陽一,3070
お姉さん,3071
至る,3072
まあいいや,3073
罰,3074
お茶目,3075
見てもらう,3076
分からん,3077
分の,3078
かよ,3079
もので,3080
ってば,3081
手を貸す,3082
度目,3083
氏,3084
にしては,3085
やめておく,3086
ものだから,3087
長州,3088
どれくらい,3089
自分でも,3090
わけにはいきません,3091
迎えに来る,3092
迎えに行く,3093
探,3094
血相を変える,3095
多少なりとも,3096
何事も,3097
お久しぶり,3098
はじめまして,3099
いつも通り,3100
ふり,3101
こと自体,3102
ショッピングモール,3103
お揃い,3104
そうなんです,3105
せいにする,3106
そうなんですか,3107
ああいう,3108
みる,3109
しばらくして,3110
度,3111
参考になる,3112
こっちの話,3113
まこと,3114
見て回る,3115
仲のいい,3116
ほんとに,3117
どこの馬の骨,3118
あのー,3119
アー,3120
敵,3121
騙す,3122
石方,3123
デコピン,3124
お風呂,3125
見張る,3126
ございます,3127
部活,3128
飼い主,3129
昨夜,3130
ソロ,3131
鍛錬,3132
マン,3133
老子,3134
蝶,3135
マスク,3136
診察,3137
寝坊,3138
奪う,3139
警察官,3140
稽古,3141
学園,3142
従う,3143
極,3144
６月,3145
非常,3146
祭り,3147
縛る,3148
体温,3149
弱い,3150
元年,3151
試食,3152
告白,3153
妻,3154
教師,3155
どちら,3156
貼る,3157
ソファー,3158
血液型,3159
斎藤,3160
あきし,3161
真紀夫,3162
どこまでも,3163
お家,3164
よしや,3165
快楽,3166
証,3167
見上げる,3168
撮る,3169
階,3170
本作,3171
恐れる,3172
解決,3173
使い,3174
説服,3175
放課後,3176
妹,3177
京都,3178
復讐,3179
目の前,3180
ハッピー,3181
デート,3182
漫画,3183
這う,3184
帯,3185
センチ,3186
制服,3187
世の中,3188
一員,3189
乗る,3190
上官,3191
手料理,3192
言い出す,3193
駅前,3194
ども,3195
規律,3196
難,3197
言うことを聞く,3198
シャワー,3199
ソファ,3200
みたいな,3201
フェリ,3202
くにみつ,3203
池田谷,3204
平介,3205
お話,3206
無様,3207
オーライ,3208
故郷,3209
技,3210
花火,3211
合鍵,3212
厚い,3213
摘む,3214
別宅,3215
せいぜい,3216
なぞる,3217
うふふ,3218
肘,3219
ケージ,3220
身寄り,3221
嫁,3222
留まる,3223
面倒くさい,3224
といった,3225
咲う,3226
っていう,3227
良ければ,3228
たった今,3229
探索,3230
守護,3231
始末,3232
腰,3233
刻む,3234
携帯,3235
恐怖,3236
強盗,3237
楽器,3238
王道,3239
一層,3240
諸,3241
医者,3242
もって,3243
バンド,3244
ドライヤー,3245
チョコ,3246
タオル,3247
シンガー,3248
コメント,3249
コイン,3250
ギター,3251
カード,3252
慰める,3253
教,3254
焼きそば,3255
声優,3256
花火大会,3257
残党,3258
編集,3259
気がつく,3260
いちいち,3261
紅葉,3262
容赦,3263
捧げる,3264
閉じこもる,3265
聞かす,3266
証明,3267
ひょう,3268
悲鳴,3269
白い,3270
動乱,3271
動き,3272
固い,3273
騒動,3274
祖父母,3275
銭湯,3276
専攻,3277
設備,3278
非,3279
色づく,3280
目を見る,3281
このまま,3282
お嫁さん,3283
号室,3284
おばあちゃん,3285
甲斐がある,3286
声を上げる,3287
学園祭,3288
とうどう,3289
笑わせる,3290
稽古をつける,3291
唇を奪う,3292
へと,3293
そういった,3294
新メニュー,3295
いられる,3296
この辺り,3297
フェス,3298
でないと,3299
聖,3300
兄弟喧嘩,3301
小料理屋,3302
美しさ,3303
書き込み,3304
不定,3305
八,3306
郷,3307
目当て,3308
恋に落ちる,3309
ゆえ,3310
ごらん,3311
近寄る,3312
己,3313
ウィンター,3314
あら,3315
斉藤,3316
しる,3317
ためになる,3318
ケーキ屋,3319
うんざり,3320
後に,3321
さらけ出す,3322
しちゃダメ,3323
だらしがない,3324
ワンルーム,3325
ツンツン,3326
煦,3327
今のうち,3328
ファンレター,3329
知ったことではない,3330
それなのに,3331
１００円玉,3332
オリオン座,3333
旅行カバン,3334
身を委ねる,3335
白むく,3336
ヨウム,3337
治,3338
いかが,3339
ヘーゼルナッツ,3340
クローゼット,3341
作り物,3342
好き勝手,3343
許し,3344
困った,3345
手にかける,3346
ハッド,3347
改める,3348
わがまま,3349
雷,3350
カサカサ,3351
親御さん,3352
食べられる,3353
意味がない,3354
よっぽど,3355
右腕,3356
伏せる,3357
哀れ,3358
ペナルティー,3359
打ち,3360
コーナー,3361
身をよじる,3362
二人きり,3363
お姫様,3364
気の強い,3365
目に遭う,3366
もうすっかり,3367
弱い者,3368
じっと見る,3369
かるら,3370
いじ,3371
御所,3372
何一つ,3373
分かりやすい,3374
思い込む,3375
時には,3376
おはようございます,3377
ほてる,3378
なんという,3379
いやらしい,3380
今週末,3381
帝,3382
キーホルダー,3383
クラスメイト,3384
おじさん,3385
エサ,3386
恥ずかしがる,3387
気分がいい,3388
機嫌が悪い,3389
半月,3390
かくれんぼ,3391
父上,3392
はずがない,3393
富士山,3394
キャラメル,3395
花が咲く,3396
オウム,3397
家事代行,3398
べく,3399
口を聞く,3400
ゼン,3401
吐息,3402
ペリ,3403
うさごう,3404
嫁さん,3405
傍,3406
最上階,3407
わけがない,3408
何かと,3409
個人的,3410
追加,3411
爪,3412
偵察,3413
東,3414
働き,3415
働き口,3416
突入,3417
調べ,3418
謎,3419
破る,3420
膝,3421
貧血,3422
物音,3423
平和,3424
募集,3425
慕う,3426
能,3427
望み,3428
仲直り,3429
即刻,3430
治安,3431
主治医,3432
主人公,3433
授業,3434
週末,3435
集中,3436
承知,3437
中華,3438
賞,3439
人違い,3440
刃,3441
遂行,3442
製薬,3443
青空,3444
切符,3445
戦場,3446
親戚,3447
防音,3448
幕府,3449
魅力的,3450
不,3451
最,3452
持ち込む,3453
きく,3454
ふみ,3455
と共に,3456
だの,3457
交わす,3458
御用,3459
巻,3460
きり,3461
うとい,3462
波,3463
いけない,3464
何故か,3465
わり,3466
飲ませる,3467
持ち,3468
見届ける,3469
霧,3470
役職,3471
直ぐ,3472
油断,3473
幽霊,3474
養子,3475
欲,3476
絡まる,3477
率いる,3478
礼,3479
攘夷,3480
罠,3481
武士,3482
包む,3483
朝ごはん,3484
何だ,3485
痛み,3486
支援,3487
志士,3488
死にゆく,3489
散歩,3490
関わり,3491
尊王,3492
付け合わせ,3493
握り飯,3494
独り占め,3495
世,3496
よそ,3497
都,3498
隠し持つ,3499
副長,3500
密,3501
立て,3502
支え合う,3503
承,3504
おっ,3505
買い主,3506
ほー,3507
生かす,3508
立ち去る,3509
なお,3510
触れ合う,3511
斬り殺す,3512
斬り伏せる,3513
男女,3514
転生,3515
まみれる,3516
志,3517
くろ,3518
畑,3519
父母,3520
片付く,3521
暴く,3522
そんなもの,3523
頼りない,3524
手のひら,3525
現時,3526
刀傷,3527
何やら,3528
果てる,3529
火,3530
会議,3531
乾く,3532
貫く,3533
拒む,3534
仮面,3535
狂う,3536
桐,3537
掲げる,3538
行くあて,3539
好む,3540
考え方,3541
曹,3542
細い,3543
局長,3544
駅,3545
混沌,3546
ハンバーグ,3547
どういたしまして,3548
アルバイト,3549
おでこ,3550
一段,3551
ステージ,3552
クッション,3553
食える,3554
としても,3555
バー,3556
ベッド,3557
ロフト,3558
委員,3559
育てる,3560
トーク,3561
電子機器,3562
バイバイ,3563
天下太平,3564
負ける,3565
応急処置,3566
守秘義務,3567
保健室,3568
距離感,3569
いい顔,3570
代表取締役,3571
あんなに,3572
思わぬ,3573
どんだけ,3574
防音設備,3575
山崎,3576
賢治,3577
岡本,3578
それなりに,3579
滋賀,3580
ボイトレ,3581
死に方,3582
上流階級,3583
慈悲深い,3584
加えて,3585
こん,3586
ついて回る,3587
フリートーク,3588
ご当地,3589
身体,3590
ハチもく,3591
絶縁テープ,3592
箱入り娘,3593
平屋,3594
敵方,3595
貴様,3596
独,3597
皆様,3598
マダラ,3599
そそられる,3600
どれも,3601
一目惚れ,3602
一秒,3603
お守り,3604
おっさん,3605
凛太郎,3606
練,3607
ひょうま,3608
芸能界,3609
表す,3610
後始末,3611
人畜無害,3612
そのもの,3613
木村,3614
丘,3615
かっこいい,3616
羞恥心,3617
絆創膏,3618
週明け,3619
文化祭,3620
２階,3621
台所,3622
赤ん坊,3623
勢いよく,3624
澄み渡る,3625
私立,3626
ぜひぜひ,3627
そうなると,3628
良平,3629
ポカン,3630
こだわる,3631
そい,3632
紙袋,3633
しつけ,3634
産着,3635
惨い,3636
山城,3637
書き込む,3638
くじく,3639
鋼,3640
広まる,3641
着崩す,3642
言いつける,3643
見飽きる,3644
近頃,3645
恨む,3646
魚介,3647
震う,3648
洗い流す,3649
風情,3650
反転,3651
背く,3652
内側,3653
当たり散らす,3654
追い返す,3655
切り盛り,3656
すぐさま,3657
知恵,3658
尊,3659
変わり,3660
組み立てる,3661
さほど,3662
潜り込む,3663
恥じる,3664
落っこちる,3665
泣ける,3666
気味,3667
ペレット,3668
フロート,3669
ティッシュ,3670
チケット,3671
まろ,3672
ショコラ,3673
夜長,3674
ゲーセン,3675
７時,3676
ブレ,3677
ひいては,3678
チャリ,3679
そっと,3680
そそる,3681
キッチン,3682
あだうち,3683
ライブ,3684
ニュース,3685
巻く,3686
消えてなくなる,3687
鳴き声,3688
無茶,3689
下る,3690
絨毯,3691
カメラ,3692
夫婦,3693
心細い,3694
一目,3695
目隠し,3696
横取り,3697
１分,3698
変わり者,3699
遅れ,3700
二,3701
栄養,3702
薬箱,3703
思考,3704
思想,3705
糸,3706
事務所,3707
時勢,3708
自覚,3709
自在,3710
自負,3711
実行,3712
張り,3713
やり取り,3714
忠実,3715
車種,3716
あれだけ,3717
夏日,3718
変え,3719
聞き流す,3720
師範,3721
役立たず,3722
師匠,3723
使用人,3724
向け,3725
いい加減,3726
好き嫌い,3727
構える,3728
降り出す,3729
告発,3730
困惑,3731
左,3732
再確認,3733
最終,3734
３日,3735
散らかる,3736
仕込み,3737
使命,3738
インスタント,3739
アーティスト,3740
使用,3741
四国,3742
効果,3743
警察手帳,3744
庭先,3745
若手,3746
担う,3747
ふんふん,3748
使,3749
専用,3750
退く,3751
所内,3752
縄手,3753
思いつく,3754
贈り物,3755
援護,3756
レーズン,3757
ふむ,3758
生む,3759
正気,3760
躊躇,3761
やや,3762
値段,3763
大義,3764
測る,3765
まっき,3766
国光,3767
時半,3768
老い,3769
滅多に,3770
目玉商品,3771
一晩中,3772
か弱い,3773
ジェン,3774
始まり,3775
寝相,3776
決まり,3777
源氏,3778
よほど,3779
ゆず,3780
痩せる,3781
こえー,3782
士,3783
保証,3784
しなやか,3785
ごい,3786
ゴマ,3787
寛容,3788
ユニット,3789
メリット,3790
ミュージシャン,3791
ボリューム,3792
監禁,3793
ゆるい,3794
ボタン,3795
ボーイ,3796
企画,3797
詰め込む,3798
ピアス,3799
パート,3800
バス停,3801
バス,3802
ハウス,3803
ノート,3804
寒さ,3805
ネットワーク,3806
リズム,3807
乾かす,3808
引退,3809
往復,3810
沖縄,3811
親切,3812
引き起こす,3813
因果,3814
屋台,3815
温度,3816
一報,3817
挨拶,3818
家庭,3819
科学,3820
過程,3821
解熱剤,3822
外れる,3823
カバン,3824
株,3825
レッテル,3826
後輩,3827
ナンバー,3828
タクシー,3829
金庫,3830
句,3831
空き地,3832
空間,3833
軽蔑,3834
迎え,3835
撃つ,3836
欠かす,3837
決意,3838
建物,3839
見計らう,3840
減らす,3841
現況,3842
現役,3843
孤独,3844
戸惑う,3845
近づける,3846
テスト,3847
曲げる,3848
仰ぐ,3849
逆らう,3850
及ぶ,3851
セーフ,3852
ストロベリー,3853
急いで,3854
窮地,3855
共感,3856
スタッフ,3857
シート,3858
強さ,3859
ゴールデン,3860
コンビニ,3861
教科,3862
教科書,3863
コンサート,3864
キャベツ,3865
教室,3866
業界,3867
夜風,3868
老後,3869
冷蔵庫,3870
水入れ,3871
体型,3872
孫,3873
存分,3874
ふさわしい,3875
阻止,3876
組織,3877
全身,3878
初め,3879
前向き,3880
巡り合わせ,3881
もなか,3882
あんたん,3883
取り壊し,3884
飯炊き,3885
街中,3886
選択,3887
甘酸っぱい,3888
いわゆる,3889
体重,3890
目利き,3891
弾く,3892
純愛,3893
誕生日,3894
絡める,3895
煮魚,3896
端末,3897
担任,3898
叩く,3899
ようくん,3900
逃げ場,3901
題材,3902
大人っぽい,3903
大義名分,3904
大会,3905
対象,3906
対応,3907
体内,3908
聖者,3909
出向く,3910
長引く,3911
接触,3912
親近感,3913
診療,3914
悲しみ,3915
稼働,3916
押さえつける,3917
免れる,3918
入口,3919
人数,3920
人々,3921
うなされる,3922
つまづく,3923
こじれる,3924
狼藉,3925
スズムシ,3926
落ち込む,3927
余儀,3928
身内,3929
羽,3930
真実,3931
食料,3932
漏れる,3933
干す,3934
鞘,3935
切腹,3936
青春,3937
色っぽい,3938
誠意,3939
生き物,3940
はまる,3941
伸び,3942
生える,3943
さらう,3944
寄付,3945
食い逃げ,3946
正常,3947
正義,3948
晴れる,3949
ぜひ,3950
廊下,3951
断末魔,3952
稚拙,3953
修羅場,3954
命じる,3955
矛盾,3956
終身,3957
無理やり,3958
無念,3959
魅了,3960
磨く,3961
本棚,3962
本体,3963
宝庫,3964
報酬,3965
紛失,3966
分け合う,3967
習う,3968
物置,3969
集う,3970
受け身,3971
あやかし,3972
明らか,3973
毛布,3974
例外,3975
力仕事,3976
療養,3977
流れ,3978
立ち,3979
里帰り,3980
手段,3981
落,3982
欲望,3983
陽気,3984
揺さぶる,3985
妖怪,3986
幼い,3987
夕食,3988
優等生,3989
手柄,3990
夜食,3991
毛,3992
地下室,3993
犬猫,3994
不愉快,3995
同意,3996
動物,3997
とうとう,3998
登校,3999
電車,4000
殿,4001
店内,4002
天ぷら,4003
徹夜,4004
徹底的,4005
くぐり抜ける,4006
感,4007
通用,4008
追い払う,4009
駐車場,4010
出迎える,4011
柱,4012
同士,4013
部長,4014
同情,4015
道場,4016
不正,4017
不手際,4018
描写,4019
八坂神社,4020
批判,4021
従える,4022
煩わしい,4023
宿す,4024
犯罪,4025
罰する,4026
うま,4027
粛清,4028
ネギ,4029
ついつい,4030
おもちゃ屋,4031
入隊,4032
突き飛ばす,4033
瞳,4034
信彦,4035
黙り込む,4036
ルーカ,4037
いつまでたっても,4038
何故,4039
入,4040
おしおき,4041
さめる,4042
気の利いた,4043
甘く見る,4044
かけがえのない,4045
やる気,4046
一刻も早く,4047
高尾,4048
吉谷,4049
下条,4050
隠,4051
どうしたらいい,4052
というわけだ,4053
というもの,4054
だからといって,4055
ごっこ,4056
求人誌,4057
からといって,4058
結婚祝い,4059
刻み込む,4060
お休み,4061
胸が苦しい,4062
頬を染める,4063
背を向ける,4064
姿を現す,4065
舌を出す,4066
考えられない,4067
跡をつける,4068
相談に乗る,4069
振るう,4070
うぶ,4071
目につく,4072
祇園,4073
何人も,4074
厄介事,4075
番,4076
行ってきます,4077
風邪をひく,4078
辛く当たる,4079
残念ながら,4080
遅れる,4081
母,4082
一軒家,4083
でる,4084
ゆく,4085
未だ,4086
おじ,4087
損,4088
なければならない,4089
２回,4090
処,4091
じゃあね,4092
無い,4093
ならば,4094
すっきり,4095
おれ,4096
ご馳走,4097
僅か,4098
事故,4099
発,4100
蘇る,4101
一個,4102
１個,4103
良さそう,4104
速い,4105
２つ,4106
なりません,4107
ゆき,4108
なめる,4109
えにし,4110
意地,4111
仇,4112
けれども,4113
オシャレ,4114
連絡を取る,4115
生ける,4116
付ける,4117
ほうが良い,4118
がんばる,4119
懸ける,4120
兎,4121
二人とも,4122
手をつなぐ,4123
江口,4124
気にするな,4125
おー,4126
勉強時間,4127
テイクアウト,4128
づくめ,4129
誰の目にも,4130
無理しないで,4131
ヒット曲,4132
信じられない,4133
愛を込める,4134
出ていく,4135
ばこそ,4136
困ったこと,4137
路上ライブ,4138
海鮮丼,4139
お伺い,4140
ただ一つ,4141
ああして,4142
我らが,4143
開かれる,4144
身を置く,4145
と思ったら,4146
嘘くさい,4147
でした,4148
それはない,4149
足抜け,4150
身の危険,4151
１１時,4152
パケ,4153
一人にする,4154
死んでいる,4155
今流行り,4156
手を合わせる,4157
ような気がする,4158
絶,4159
体調を崩す,4160
バイト先,4161
いらん,4162
からって,4163
文句を言う,4164
ちゃんとした,4165
かわいそうに,4166
感じがする,4167
運がない,4168
どうすることもできない,4169
力を抜く,4170
オンライン会議,4171
罰を与える,4172
かと思えば,4173
悪くなる,4174
息を潜める,4175
マッキー,4176
階建て,4177
おは,4178
必要とする,4179
命を落とす,4180
覚悟を決める,4181
お詫び,4182
一人分,4183
あーん,4184
顔を出す,4185
っ子,4186
星々,4187
聞き分けのない,4188
みなさん,4189
クソ,4190
今を生きる,4191
風邪ひく,4192
気を落とす,4193
賞を取る,4194
遊びに行く,4195
力が入る,4196
東堂,4197
腰が引ける,4198
驚かせる,4199
嘲笑う,4200
不正解,4201
あと一歩,4202
誹謗中傷,4203
頼りにする,4204
そんなもん,4205
手のかかる,4206
必殺技,4207
お楽しみ,4208
気が散る,4209
横になる,4210
アメリカ,4211
マスト,4212
悪習,4213
悪質,4214
悪魔,4215
悪夢,4216
圧勝,4217
圧倒,4218
マイ,4219
マーガリン,4220
マシン,4221
ロビー,4222
リリース,4223
マネキン,4224
メカ,4225
モノレール,4226
ライト,4227
メイン,4228
メートル,4229
ライン,4230
安らか,4231
レーベル,4232
ランク,4233
リアル,4234
応対,4235
ミント,4236
リットル,4237
リボン,4238
リモート,4239
応急,4240
応える,4241
リラックス,4242
メンタル,4243
リング,4244
ルーム,4245
レジ,4246
ミス,4247
レジデンス,4248
安静,4249
一喜一憂,4250
あんだ,4251
１点,4252
一文字,4253
いっぺん,4254
一方,4255
一命,4256
一流,4257
そらす,4258
逸材,4259
芋,4260
飲料,4261
右手,4262
羽ばたく,4263
一定,4264
艶,4265
演技,4266
援軍,4267
ポジション,4268
雨漏り,4269
運,4270
運動神経,4271
運動不足,4272
営む,4273
映画,4274
鋭い,4275
延長,4276
円,4277
演目,4278
一致,4279
一掃,4280
一斉に,4281
安定,4282
暗闇,4283
奥方,4284
暗示,4285
意気込む,4286
意志,4287
意図,4288
なす,4289
遠出,4290
異性,4291
異変,4292
移住,4293
移動,4294
維持,4295
医学,4296
いし,4297
医療,4298
井戸水,4299
一貫,4300
一気に,4301
一件,4302
一時的,4303
一室,4304
一手,4305
一種,4306
一心不乱,4307
一生懸命,4308
安全,4309
ポケット,4310
ジョーク,4311
ボイス,4312
アドレス,4313
アドバイス,4314
アクセント,4315
アイディア,4316
アート,4317
よだれ,4318
アナログ,4319
やれやれ,4320
ほんのり,4321
ほんの,4322
ひょっとすると,4323
ひっそり,4324
ひたすら,4325
のみ,4326
もしかすると,4327
アルバム,4328
イベント,4329
インスピレーション,4330
クール,4331
クーラー,4332
キャンセル,4333
キープ,4334
ガレージ,4335
ガーデン,4336
カルテ,4337
カラー,4338
オレンジ,4339
オープン,4340
エゴ,4341
エール,4342
エース,4343
インフルエンザ,4344
インタビュー,4345
に対して,4346
にも,4347
どんなに,4348
どうも,4349
がっかり,4350
かもしれません,4351
かしこまりました,4352
お土産,4353
おしゃべり,4354
お誕生日おめでとうございます,4355
お巡りさん,4356
お参り,4357
お兄さん,4358
お化け,4359
いかにも,4360
稲月,4361
ター,4362
さだ,4363
綴れ,4364
キラキラ,4365
グッズ,4366
くしゃみ,4367
くたばる,4368
とんでもない,4369
とんだ,4370
てっきり,4371
ちっとも,4372
だけでなく,4373
たった,4374
それら,4375
それに,4376
せめて,4377
じらす,4378
じっくり,4379
しんどい,4380
しょっちゅう,4381
さっぱり,4382
これで,4383
くすぐったい,4384
グルー,4385
コート,4386
コネ,4387
ヒロイン,4388
ヒット,4389
パッケージ,4390
パーティー,4391
バランス,4392
バナナ,4393
バッグ,4394
バック,4395
ハンガー,4396
ハット,4397
ハイツ,4398
ノック,4399
ナレーション,4400
ナチュラル,4401
ナイフ,4402
ピアノ,4403
ナイス,4404
ピッキング,4405
フレーズ,4406
ホワイト,4407
ホテル,4408
ホームルーム,4409
ペン,4410
ページ,4411
ベンチ,4412
ベル,4413
ベランダ,4414
ベーコン,4415
ヘル,4416
ヘッド,4417
プログラム,4418
プレッシャー,4419
プライド,4420
ふわふわ,4421
ファンタジー,4422
ボス,4423
トリプル,4424
トラック,4425
スタイル,4426
スカート,4427
スイッチ,4428
押す,4429
ジャム,4430
ジェット,4431
シリーズ,4432
ショップ,4433
シャンプー,4434
シャツ,4435
シナリオ,4436
サラダ,4437
サイン,4438
サービス,4439
コレクション,4440
スタンス,4441
トラブル,4442
スプレー,4443
スポットライト,4444
デュエット,4445
デパート,4446
テンポ,4447
テン,4448
テープ,4449
テーブル,4450
チョコレート,4451
チャンネル,4452
ダミー,4453
ダッシュ,4454
ソース,4455
センス,4456
セット,4457
スルー,4458
スラックス,4459
スポーツ,4460
横顔,4461
獲物,4462
王女,4463
緊急,4464
近畿,4465
金額,4466
金銭,4467
きんぴら,4468
苦しみ,4469
苦悩,4470
愚直,4471
空っぽ,4472
屈辱,4473
靴,4474
靴下,4475
勲章,4476
群がる,4477
群れる,4478
傾き,4479
傾ける,4480
けい,4481
刑事,4482
形見,4483
携帯電話,4484
景品,4485
系列,4486
経営,4487
経路,4488
警官,4489
警護,4490
警察署,4491
警備,4492
勤労,4493
極端,4494
曲目,4495
曲線,4496
旧,4497
居座る,4498
居残り,4499
拒絶,4500
許容,4501
供述,4502
供養,4503
共犯,4504
凶,4505
叫び声,4506
境遇,4507
ねだる,4508
強奪,4509
強要,4510
軽んじる,4511
おそらく,4512
教え,4513
教え込む,4514
まして,4515
狂気,4516
狭める,4517
脅す,4518
個,4519
脅迫,4520
興じる,4521
驚かす,4522
こった,4523
凝る,4524
業者,4525
業績,4526
恐れ,4527
軽減,4528
軽率,4529
芸能人,4530
原料,4531
厳格,4532
幻,4533
玄関,4534
現に,4535
現実,4536
現状,4537
現地,4538
言い分,4539
言語道断,4540
言動,4541
個室,4542
個人,4543
古,4544
原点,4545
古びる,4546
戸籍,4547
故障,4548
枯れる,4549
誇らしい,4550
誇り,4551
後ろ向き,4552
後者,4553
後戻り,4554
おせっかい,4555
ご無沙汰,4556
護衛,4557
交わる,4558
交換,4559
交渉,4560
固まる,4561
給料,4562
原稿用紙,4563
軒先,4564
決め手,4565
決めつける,4566
決断,4567
決定,4568
決裂,4569
結ぶ,4570
結婚,4571
月見,4572
月光,4573
月夜,4574
健在,4575
兼,4576
兼任,4577
堅苦しい,4578
元来,4579
懸命,4580
検索,4581
検討,4582
権威,4583
権利,4584
権力,4585
献身,4586
絹,4587
見学,4588
見誤る,4589
見合う,4590
見識,4591
見習う,4592
見本,4593
謙虚,4594
検査,4595
球,4596
泣かせる,4597
汲む,4598
過失,4599
過度,4600
介して,4601
会期,4602
会場,4603
解ける,4604
解体,4605
解放,4606
かいてん,4607
快い,4608
快感,4609
快適,4610
改造,4611
改築,4612
過ち,4613
海岸,4614
開き直る,4615
開花,4616
開始,4617
開店,4618
開発,4619
階層,4620
外す,4621
ハズレ,4622
外食,4623
外部,4624
概念,4625
街道,4626
拡散,4627
プレーン,4628
海水,4629
確証,4630
課,4631
花嫁,4632
襖,4633
屋上,4634
屋内,4635
桶,4636
恩,4637
ぬるい,4638
温泉,4639
くださる,4640
下校,4641
下働き,4642
何て,4643
どれどれ,4644
何回,4645
何とも,4646
花見,4647
何人,4648
何年,4649
何百,4650
加害者,4651
加工,4652
加速,4653
加味,4654
家具,4655
家計,4656
家事,4657
家畜,4658
家電,4659
暇つぶし,4660
火事,4661
火鉢,4662
何卒,4663
横流し,4664
確定,4665
角度,4666
危機,4667
幾,4668
いくつ,4669
机,4670
機嫌,4671
機材,4672
機能,4673
気さく,4674
気概,4675
気力,4676
規則的,4677
記載,4678
記事,4679
貴重,4680
企む,4681
起き上がる,4682
戯れ,4683
技術力,4684
欺く,4685
疑い,4686
疑問,4687
つまる,4688
詰める,4689
のぼせる,4690
休暇,4691
休業,4692
休養,4693
急かす,4694
救急車,4695
救出,4696
起床,4697
覚え,4698
顔つき,4699
おもちゃ,4700
学費,4701
顎,4702
割り出す,4703
渇く,4704
乾燥,4705
勘,4706
喚く,4707
完成,4708
くつろぐ,4709
感性,4710
感知,4711
感度,4712
感動,4713
慣れ,4714
岩石,4715
歓喜,4716
汗ばむ,4717
看板,4718
看病,4719
管理,4720
緩める,4721
緩やか,4722
鑑賞,4723
間もなく,4724
関係者,4725
関心,4726
陥る,4727
丸める,4728
含み,4729
含める,4730
歓迎,4731
たろう,4732
よじる,4733
入れ替える,4734
行い,4735
押さえる,4736
卸,4737
香る,4738
影,4739
陰,4740
飾り付け,4741
奇跡,4742
来たる,4743
切り捨てる,4744
くすぶる,4745
曇り,4746
忌々しい,4747
喰らう,4748
子猫,4749
探し回る,4750
錆,4751
様々,4752
締め切り,4753
しらじらしい,4754
擦り切れる,4755
こすりつける,4756
すれ違う,4757
ずーずーしい,4758
早々,4759
素っ気ない,4760
続々,4761
下賤,4762
言い合い,4763
温まる,4764
はや,4765
かしぐ,4766
見栄,4767
固執,4768
拾,4769
瞬き,4770
商人,4771
消耗,4772
真っ白,4773
辛,4774
千代,4775
注ぐ,4776
たこ,4777
辰巳,4778
値,4779
摘み取る,4780
ともす,4781
銅,4782
内々,4783
８つ,4784
匹,4785
文書,4786
はため,4787
味気ない,4788
妄想,4789
問屋,4790
歪む,4791
えぐる,4792
懺悔,4793
たかだか,4794
ただただ,4795
蓄える,4796
立て込む,4797
やり直し,4798
安々,4799
悠々,4800
呼び出し,4801
夜更け,4802
寄りかかる,4803
湧き出る,4804
忘れな草,4805
好,4806
我々,4807
映し出す,4808
めでたい,4809
洗い物,4810
行きすぎる,4811
風邪薬,4812
湯呑み,4813
陰か,4814
血迷う,4815
触,4816
言い残す,4817
混じり,4818
しいん,4819
松明,4820
ちらつく,4821
ふふん,4822
物持ち,4823
抱え込む,4824
カヤ,4825
川辺,4826
見せかける,4827
近々,4828
まだら,4829
街並み,4830
建前,4831
たびたび,4832
抱き寄せる,4833
着々,4834
付き添い,4835
慎む,4836
繋ぎ止める,4837
取りなす,4838
囚われる,4839
長々,4840
なになに,4841
生々しい,4842
ぬくぬく,4843
値踏み,4844
履物,4845
剥ぎ取る,4846
果たして,4847
張子,4848
遥々,4849
晩御飯,4850
引き続く,4851
ひねくれる,4852
日差し,4853
広げる,4854
不憫,4855
べっぴん,4856
別々,4857
ぼけい,4858
勝る,4859
待ちわびる,4860
毛深い,4861
偽物,4862
悪行,4863
粘り強い,4864
罵倒,4865
背ける,4866
背徳,4867
ばら,4868
買い込む,4869
泊り込む,4870
白衣,4871
白金,4872
縛りつける,4873
抜け出す,4874
抜き打ち,4875
反らす,4876
年頃,4877
繁盛,4878
飛び回る,4879
微分,4880
筆,4881
筆跡,4882
筆頭,4883
つきっきり,4884
付け回す,4885
つけいる,4886
浮かべる,4887
物好き,4888
分かち合う,4889
紛らわす,4890
平らげる,4891
否む,4892
したためる,4893
内通,4894
ツッコミ,4895
程なく,4896
滴る,4897
天下,4898
天外,4899
天柱,4900
纏う,4901
まつわる,4902
伝,4903
吐き出す,4904
塗り替える,4905
塗りつぶす,4906
妬ましい,4907
ほふる,4908
渡り歩く,4909
土,4910
倒幕,4911
凍りつく,4912
刀工,4913
刀匠,4914
刀身,4915
投げかける,4916
統括,4917
討伐,4918
豆,4919
踏み荒らす,4920
踏みとどまる,4921
踏み出す,4922
逃げ延びる,4923
かくまう,4924
別件,4925
片隅,4926
編,4927
便り,4928
絡みつく,4929
里芋,4930
立ち行く,4931
流れ着く,4932
留守,4933
輪投げ,4934
麗しい,4935
連,4936
連れ込む,4937
連れ戻す,4938
連れ立つ,4939
和解,4940
腕利き,4941
もたれかかる,4942
えずく,4943
嘲笑,4944
つねる,4945
ねじ曲げる,4946
揉み消す,4947
朦朧,4948
しおり,4949
疼く,4950
まつげ,4951
きら,4952
不甲斐ない,4953
バラ,4954
ボロ,4955
ためらい,4956
らば,4957
溶け合う,4958
一所,4959
揺れ動く,4960
預かり物,4961
便箋,4962
歩み寄る,4963
放り出す,4964
褒め言葉,4965
亡き,4966
ふさ,4967
勃発,4968
うずめる,4969
夢見る,4970
無音,4971
無駄足,4972
名残惜しい,4973
鳴り響く,4974
目移り,4975
目星,4976
問い,4977
とう,4978
門口,4979
夜闇,4980
夜襲,4981
癒す,4982
優,4983
優女,4984
憂い,4985
有様,4986
余,4987
余り物,4988
よそ者,4989
よた話,4990
揺り起こす,4991
逃げ腰,4992
やましい,4993
心ない,4994
なれの果て,4995
腹立つ,4996
いぬ,4997
ざっくり,4998
げっ,4999
忍びない,5000
女遊び,5001
交友,5002
高,5003
しんね,5004
果,5005
ジュン,5006
しっとり,5007
にょ,5008
糸くず,5009
食べ歩く,5010
ほっつき歩く,5011
明,5012
臭,5013
しれっと,5014
坊,5015
清,5016
離,5017
怒鳴り声,5018
済み,5019
あざっす,5020
ボコる,5021
すか,5022
這いつくばう,5023
長ネギ,5024
収め,5025
ぶっちゃける,5026
まどろっこしい,5027
食いつなぐ,5028
おっかなびっくり,5029
解,5030
かく,5031
軒,5032
ごねる,5033
手短,5034
残,5035
受け合い,5036
へたれ,5037
乱,5038
走り寄る,5039
生,5040
蹴り,5041
恥ずい,5042
たる,5043
こりゃ,5044
人中,5045
ヒーヒー,5046
チャラい,5047
涼やか,5048
重,5049
スカスカ,5050
見,5051
自,5052
恐,5053
きゃあ,5054
煮,5055
おてんば娘,5056
ぷっくり,5057
憂う,5058
ごたえ,5059
なあに,5060
デリ,5061
しゃー,5062
コク,5063
ジュレ,5064
民,5065
甘ったれ,5066
置き去る,5067
まくり,5068
うたた,5069
持,5070
イエス,5071
悶,5072
盲,5073
大大,5074
暗,5075
チック,5076
読み合わせ,5077
陽,5078
かすり傷,5079
お題,5080
よろう,5081
這いつくばる,5082
シーサン,5083
舞い落ちる,5084
さら,5085
学食,5086
さざ,5087
装,5088
アルファルファ,5089
背負い込む,5090
キノア,5091
言い表せる,5092
べっとり,5093
いでる,5094
サンタ,5095
他校,5096
小,5097
物慣れる,5098
はした,5099
町娘,5100
責,5101
走,5102
酔わす,5103
モテる,5104
殺し合う,5105
声掛け,5106
激,5107
どうこう,5108
転,5109
噛みちぎる,5110
ホールディングス,5111
フリフリ,5112
聞き,5113
乗っける,5114
雅,5115
ぶる,5116
日向ぼっこ,5117
ほど遠い,5118
水鏡,5119
焼き討ち,5120
小難しい,5121
笑い者,5122
買い食い,5123
買い溜め,5124
あさぎ,5125
顔見せ,5126
矢場,5127
虫ケラ,5128
つづら,5129
出だし,5130
大真面目,5131
押し込み,5132
男心,5133
男物,5134
寝心地,5135
寝泊まり,5136
寝癖,5137
心機,5138
弾き語り,5139
めちゃ,5140
羽虫,5141
息遣い,5142
隠し味,5143
聞き方,5144
愚か者,5145
びび,5146
埋め合わせ,5147
物狂い,5148
膝枕,5149
食い物,5150
耳鳴り,5151
水仕事,5152
背筋,5153
引きこもり,5154
神器,5155
欲情,5156
泣き止む,5157
存外,5158
調べ直す,5159
持たせる,5160
取り返し,5161
手放し,5162
名利,5163
君恩,5164
骨張る,5165
荒くれ者,5166
むやみ,5167
片足,5168
読み合わせる,5169
こぬか,5170
授かり物,5171
手向かい,5172
手慰み,5173
取り逃す,5174
取り留める,5175
見回り,5176
見せどころ,5177
鮮血,5178
味見,5179
城中,5180
腰紐,5181
食べかす,5182
しっかり者,5183
かけ直す,5184
もぎり,5185
とことん,5186
うんうん,5187
右肩,5188
うようよ,5189
かまける,5190
こじらせる,5191
しばし,5192
せわしない,5193
てきばき,5194
もぐもぐ,5195
後ずさる,5196
思わしい,5197
取りやめ,5198
袖の下,5199
豚骨,5200
みっちり,5201
ジロジロ,5202
さらなる,5203
知らず,5204
キャロット,5205
本会,5206
言いつけ,5207
薄汚れる,5208
うろちょろ,5209
餌付け,5210
えへへ,5211
苛立ち,5212
談判,5213
イラつく,5214
老,5215
老死,5216
白磁,5217
辻斬り,5218
切り返す,5219
縫い直す,5220
追い求める,5221
咲き誇る,5222
言いかける,5223
差し置く,5224
寝入る,5225
思い合う,5226
押して,5227
揺らめく,5228
起,5229
堅,5230
とんしゃ,5231
怒涛,5232
投げ打つ,5233
振り下ろす,5234
嫁入る,5235
かまど,5236
使いっぱしり,5237
強がる,5238
うぜえ,5239
ほつれる,5240
重し,5241
うめき声,5242
舞,5243
そら,5244
光景,5245
惨事,5246
公園,5247
紛れ込む,5248
文化,5249
文豪,5250
文面,5251
強者,5252
兵器,5253
たいら,5254
別れ,5255
別格,5256
別離,5257
変わらない,5258
変わり目,5259
変人,5260
紛れる,5261
変装,5262
片方,5263
片腕,5264
編集者,5265
辺,5266
返上,5267
弁解,5268
保管,5269
保険,5270
補充,5271
暮れる,5272
報いる,5273
報復,5274
崩す,5275
変貌,5276
紛らわしい,5277
奮う,5278
奮い立つ,5279
敏感,5280
敏腕,5281
瓶,5282
不穏,5283
不器用,5284
不機嫌,5285
不吉,5286
不自由,5287
不純物,5288
不注意,5289
不動産,5290
不必要,5291
不眠,5292
付着,5293
とむ,5294
浮かれる,5295
武器,5296
武士道,5297
舞台,5298
風景,5299
風流,5300
副,5301
服従,5302
福,5303
腹立たしい,5304
覆す,5305
物語,5306
物品,5307
分裂,5308
抱え,5309
抱き上げる,5310
抱っこ,5311
放置,5312
無断,5313
無敵,5314
無能,5315
無謀,5316
無欲,5317
無礼,5318
名残,5319
名声,5320
命がけ,5321
明確,5322
鳴る,5323
メンツ,5324
麺,5325
木陰,5326
目障り,5327
目まぐるしい,5328
戻す,5329
夜道,5330
夜遊び,5331
野球,5332
野心,5333
野放し,5334
野郎,5335
薬草,5336
薬品,5337
優先,5338
勇敢,5339
友情,5340
悠長,5341
無責任,5342
頻繁,5343
無効,5344
魅力,5345
放浪,5346
方針,5347
方面,5348
縫う,5349
蜂,5350
豊か,5351
豊作,5352
豊富,5353
妨げ,5354
妨げる,5355
忘却,5356
暴走,5357
ぼう,5358
紡ぐ,5359
本格的,5360
本業,5361
本日,5362
本望,5363
盆,5364
魔女,5365
魔物,5366
魔法使い,5367
ごと,5368
ごとに,5369
抹茶,5370
満月,5371
蔓延,5372
味噌,5373
未知数,5374
無関心,5375
ありそう,5376
頻度,5377
品種,5378
頭脳,5379
同化,5380
同級生,5381
同罪,5382
同室,5383
同性,5384
同年,5385
同伴,5386
堂,5387
憧れる,5388
銅線,5389
特技,5390
特製,5391
頭上,5392
特典,5393
ハゲる,5394
独断,5395
突き,5396
トン,5397
ないか,5398
内弟子,5399
内密,5400
鍋,5401
馴染む,5402
柔らか,5403
二の次,5404
二月,5405
肉体,5406
ハゲ,5407
陶磁,5408
透明,5409
透視,5410
電話番号,5411
渡り鳥,5412
渡る,5413
登録,5414
都会,5415
都度,5416
土下座,5417
土産,5418
土地,5419
土曜,5420
怒鳴る,5421
倒す,5422
塔,5423
投げ出す,5424
投稿,5425
投入,5426
搭載,5427
盗作,5428
当初,5429
当番,5430
当分,5431
等しい,5432
筒,5433
統制,5434
到着,5435
踏み込む,5436
逃す,5437
逃れる,5438
透き通る,5439
日曜日,5440
入学,5441
入浴,5442
猫背,5443
半端,5444
反対側,5445
反発,5446
反面,5447
板,5448
犯す,5449
繁華街,5450
藩,5451
番号,5452
番組,5453
番目,5454
卑怯,5455
比,5456
比較的,5457
比重,5458
皮肉,5459
秘める,5460
被害者,5461
飛び乗る,5462
飛び立つ,5463
飛散,5464
備品,5465
尾行,5466
眉,5467
鼻,5468
姫君,5469
病,5470
病的,5471
判明,5472
貧弱,5473
判定,5474
抜群,5475
年後,5476
念入り,5477
燃える,5478
こい,5479
脳,5480
農,5481
把握,5482
破れる,5483
破壊的,5484
破裂,5485
排除,5486
背景,5487
背後,5488
肺,5489
配送,5490
配属,5491
売れる,5492
薄れる,5493
薄着,5494
迫る,5495
迫力,5496
箸,5497
発覚,5498
発揮,5499
発言,5500
発注,5501
発動,5502
発売,5503
髪の毛,5504
伴う,5505
ありのまま,5506
有料,5507
誘惑,5508
逃げ足,5509
はしたない,5510
まぐれ,5511
まとまる,5512
見ず知らず,5513
見とれる,5514
恵まれる,5515
やむを得ない,5516
よくも,5517
汚れ,5518
喜ばす,5519
よくよく,5520
うやむや,5521
泣き顔,5522
やり過ごす,5523
衣類,5524
喜ばしい,5525
妖艶,5526
棒読み,5527
大福,5528
風味,5529
降らす,5530
始まらない,5531
息苦しい,5532
厳しさ,5533
ここら,5534
越し,5535
鎌,5536
あのよ,5537
どの辺,5538
ちぎれる,5539
脱走,5540
話し合い,5541
華やか,5542
ばらまく,5543
不始末,5544
増やす,5545
不要,5546
ふるさと,5547
前もって,5548
混じる,5549
丸い,5550
真ん中,5551
見覚え,5552
見かけ,5553
見込み,5554
屋敷,5555
雇う,5556
代々,5557
弱み,5558
労働,5559
詫びる,5560
浅はか,5561
呼びかけ,5562
一向に,5563
謳う,5564
風上,5565
勝ち,5566
くぐる,5567
湿っぽい,5568
損する,5569
泣き出す,5570
広間,5571
段,5572
矢先,5573
多発,5574
特注,5575
差し入れ,5576
心苦しい,5577
心理的,5578
心意気,5579
爆心,5580
がいそう,5581
目線,5582
警報器,5583
職業病,5584
好奇,5585
立地,5586
白銀,5587
雪原,5588
風変わり,5589
見入る,5590
照らし合わせる,5591
洗い上げる,5592
降り積もる,5593
崩れ去る,5594
授業中,5595
必死になって,5596
学,5597
寒,5598
菌,5599
すずり,5600
合,5601
早,5602
細腕,5603
育む,5604
臆病者,5605
山吹,5606
子供心,5607
崩れ落ちる,5608
待ち,5609
面識,5610
見定める,5611
涙ぐむ,5612
女手,5613
乱世,5614
離島,5615
料理人,5616
聖火,5617
責任感,5618
死滅,5619
蜜,5620
石ころ,5621
自家用車,5622
取り壊す,5623
お昼,5624
夢物語,5625
模様替え,5626
荒療治,5627
手広い,5628
図工,5629
身支度,5630
身動き,5631
推理小説,5632
最終的,5633
想像力,5634
静養,5635
顔向け,5636
儚い,5637
映える,5638
飲み込む,5639
緑,5640
輪郭,5641
冷凍庫,5642
歴史,5643
劣る,5644
練る,5645
連なる,5646
連休,5647
連載,5648
露天,5649
老人,5650
老婆,5651
録画,5652
わか,5653
いびつ,5654
惑わす,5655
乖離,5656
佇む,5657
冤,5658
刹那,5659
咎める,5660
つぶやく,5661
とっさに,5662
さぞ,5663
囁く,5664
揉める,5665
鬱陶しい,5666
しゃれる,5667
涼しい,5668
にじむ,5669
料理屋,5670
了解,5671
遊戯,5672
夕暮れ,5673
予感,5674
予想,5675
予測,5676
容姿,5677
揺らぐ,5678
揺らす,5679
用件,5680
用心,5681
葉,5682
いらぬ,5683
要求,5684
裸,5685
来年,5686
頼み込む,5687
頼もしい,5688
頼り,5689
落ちぶれる,5690
乱雑,5691
嵐,5692
理念,5693
裏切り,5694
裏側,5695
立ち向かう,5696
立ち上がる,5697
略,5698
流す,5699
流れ出る,5700
寮,5701
伝票,5702
痺れる,5703
ろくに,5704
あるいは,5705
受付,5706
追いつく,5707
収める,5708
重み,5709
下ろす,5710
塊,5711
科目,5712
協力,5713
幸運,5714
交代,5715
肥やす,5716
強情,5717
敷布団,5718
失神,5719
収集,5720
醤油,5721
どく,5722
芯,5723
制御,5724
聡明,5725
タバコ,5726
尊い,5727
届け,5728
とびきり,5729
同盟,5730
縫い目,5731
喉,5732
伸ばす,5733
足元,5734
シワ,5735
痣,5736
老舗,5737
やつれる,5738
貪る,5739
けなす,5740
もたらす,5741
たくましい,5742
悪口,5743
一節,5744
化す,5745
うがい,5746
メガネ,5747
魚,5748
行く末,5749
なのか,5750
助言,5751
切り出す,5752
打ち込む,5753
直,5754
年月,5755
半年,5756
侮る,5757
宝物,5758
埋まる,5759
末っ子,5760
明後日,5761
暴言,5762
ネジ,5763
恋心,5764
トンボ,5765
伝う,5766
転入,5767
転がる,5768
手近,5769
手口,5770
手首,5771
手順,5772
手触り,5773
手先,5774
手前,5775
手分け,5776
手腕,5777
腫れる,5778
趣向,5779
趣味,5780
酒屋,5781
手違い,5782
寿命,5783
樹木,5784
周辺,5785
就寝,5786
修学,5787
終了,5788
終焉,5789
習慣,5790
襲撃,5791
集合,5792
醜い,5793
醜悪,5794
醜態,5795
住まう,5796
授かる,5797
手の甲,5798
取り仕切る,5799
取り除く,5800
時刻,5801
自我,5802
自己嫌悪,5803
自殺,5804
自炊,5805
自滅,5806
執筆,5807
失望,5808
失踪,5809
漆黒,5810
実家,5811
実感,5812
実体,5813
実用,5814
射す,5815
傾,5816
煮る,5817
煮込む,5818
煮物,5819
社員,5820
謝罪,5821
かり,5822
弱,5823
弱音,5824
弱気,5825
弱点,5826
主に,5827
主張,5828
主役,5829
充てる,5830
しぶる,5831
渋滞,5832
重さ,5833
小学校,5834
少年,5835
招く,5836
招待,5837
招致,5838
松,5839
消化,5840
消防車,5841
消耗品,5842
焼く,5843
照明,5844
症状,5845
しょう,5846
笑い声,5847
衝動,5848
証言,5849
障子,5850
上京,5851
上司,5852
上手,5853
ノリ,5854
乗り越える,5855
情景,5856
浄化,5857
状,5858
植える,5859
織る,5860
職場,5861
色気,5862
将来,5863
時給,5864
商売,5865
女らしい,5866
重視,5867
宿命,5868
祝福,5869
出回る,5870
出身,5871
出席,5872
出動,5873
出発,5874
出番,5875
術,5876
循環,5877
潤す,5878
純情,5879
純真,5880
巡回,5881
じゅん,5882
順番,5883
処罰,5884
処分,5885
処理,5886
初耳,5887
所在,5888
所属,5889
暑さ,5890
書誌,5891
書面,5892
書類,5893
助け,5894
女の人,5895
勝利,5896
慈悲,5897
似せる,5898
事業,5899
高速,5900
合間,5901
合成,5902
豪華,5903
黒い,5904
骨折,5905
込める,5906
今に,5907
今にも,5908
今月,5909
今週,5910
今風,5911
こんなん,5912
根深い,5913
混在,5914
混戦,5915
混同,5916
些細,5917
左手,5918
さようなら,5919
差し出す,5920
詐欺,5921
座り込む,5922
再開,5923
再現,5924
再度,5925
最強,5926
最小限,5927
最新,5928
高層,5929
最低限,5930
高める,5931
香水,5932
公演,5933
公開,5934
公式,5935
こうへい,5936
功績,5937
効果的,5938
効率,5939
効率的,5940
口実,5941
口出し,5942
くどく,5943
口走る,5944
口調,5945
好物,5946
工夫,5947
拘束,5948
攻める,5949
攻防,5950
校長,5951
構成,5952
構想,5953
紅茶,5954
紅白,5955
綱,5956
航海,5957
行儀,5958
行方,5959
行方不明,5960
行列,5961
高み,5962
尻尾,5963
災難,5964
材料,5965
使い方,5966
刺さる,5967
司令官,5968
四畳半,5969
士気,5970
子供たち,5971
市,5972
しがい,5973
志望,5974
思いやり,5975
思い残す,5976
思いっきり,5977
指揮,5978
指先,5979
してき,5980
支障,5981
支柱,5982
枝,5983
死闘,5984
獅子,5985
私生活,5986
しごく,5987
視線,5988
試行,5989
試行錯誤,5990
試合,5991
試作,5992
資金,5993
歯車,5994
伺う,5995
ささやか,5996
仕入れる,5997
仕上げる,5998
財布,5999
冴える,6000
作,6001
作り,6002
作り話,6003
作詞,6004
作風,6005
昨晩,6006
察知,6007
こする,6008
札,6009
雑誌,6010
雑事,6011
雑草,6012
皿,6013
３月,6014
山奥,6015
惨め,6016
釣り,6017
散らす,6018
散る,6019
散乱,6020
賛同,6021
酸素,6022
仕,6023
仕込む,6024
仕事場,6025
仕事中,6026
仕事柄,6027
仕切る,6028
光線,6029
侵害,6030
寝起き,6031
代表,6032
代弁,6033
代役,6034
大概,6035
大学生,6036
大急ぎ,6037
大空,6038
大男,6039
大物,6040
大方,6041
大量,6042
第三者,6043
たか,6044
隊長,6045
濁り,6046
達人,6047
たぬき,6048
誰でも,6049
単に,6050
単行本,6051
単身,6052
短期,6053
タンス,6054
断ち切る,6055
段ボール,6056
段取り,6057
男の子,6058
男らしい,6059
達する,6060
退治,6061
貸し,6062
滞る,6063
送り,6064
騒がしい,6065
像,6066
憎悪,6067
促す,6068
即座に,6069
息切れ,6070
足並み,6071
属する,6072
揃える,6073
損ねる,6074
損得,6075
他者,6076
多,6077
多忙,6078
妥協,6079
打ち解ける,6080
打つ,6081
打撲,6082
体温計,6083
体格,6084
体感,6085
体験,6086
体制,6087
体力,6088
対面,6089
待ち合わせる,6090
わざと,6091
男子,6092
知らせ,6093
知識,6094
知人,6095
鎮痛剤,6096
追い込む,6097
追手,6098
追跡,6099
痛感,6100
通じる,6101
通学,6102
漬物,6103
つた,6104
潰す,6105
低い,6106
停電,6107
そり,6108
定員,6109
定期,6110
提供,6111
閉まる,6112
敵視,6113
的確,6114
適切,6115
適度,6116
適用,6117
徹底,6118
撤回,6119
撤収,6120
天,6121
天井,6122
天使,6123
店番,6124
鎮静,6125
装う,6126
直後,6127
直し,6128
地,6129
地下,6130
地平線,6131
地面,6132
致命傷,6133
築き上げる,6134
築く,6135
中学生,6136
中止,6137
中傷,6138
中枢,6139
中断,6140
中途,6141
中年,6142
仲裁,6143
忠義,6144
注意,6145
注目,6146
徴収,6147
挑む,6148
潮流,6149
町内,6150
聴覚,6151
調達,6152
長,6153
長距離,6154
長時間,6155
長寿,6156
鳥居,6157
直感,6158
総統,6159
総長,6160
争い,6161
人物,6162
人柄,6163
人命,6164
尋常,6165
尽きる,6166
尽力,6167
迅速,6168
推す,6169
推薦,6170
推測,6171
水仙,6172
水力,6173
数える,6174
数回,6175
数学,6176
数値,6177
据える,6178
寸前,6179
制圧,6180
制度,6181
性,6182
性質,6183
性分,6184
成功,6185
成績,6186
成長,6187
成仏,6188
成立,6189
整頓,6190
人材,6191
正確,6192
人権,6193
人一倍,6194
寝室,6195
寝床,6196
心境,6197
心情,6198
心地,6199
心得,6200
慎重,6201
新顔,6202
新人,6203
新設,6204
新聞,6205
深まる,6206
深み,6207
深める,6208
深夜,6209
申す,6210
真っ暗,6211
真横,6212
真顔,6213
真剣,6214
真上,6215
真相,6216
真冬,6217
神経,6218
神聖,6219
親族,6220
辛抱,6221
進捗,6222
人員,6223
寝巻き,6224
正式,6225
正門,6226
先決,6227
先祖,6228
宣言,6229
戦国,6230
泉,6231
浅い,6232
洗浄,6233
洗面所,6234
潜入,6235
潜伏,6236
前夜,6237
善意,6238
全開,6239
措置,6240
おろそか,6241
疎遠,6242
素早い,6243
素足,6244
訴訟,6245
遡る,6246
ネズミ,6247
創業,6248
創作,6249
創造,6250
爽やか,6251
惣菜,6252
想定,6253
操作,6254
やり,6255
先回り,6256
正面,6257
蝉,6258
絶望,6259
正論,6260
清潔,6261
生涯,6262
生活費,6263
なまぐさい,6264
生成,6265
生前,6266
生命,6267
精鋭,6268
精神,6269
精進,6270
誓い,6271
脆い,6272
惜しむ,6273
積極的,6274
責任者,6275
責務,6276
赤字,6277
切ない,6278
切らす,6279
接する,6280
接客,6281
設定,6282
節約,6283
説く,6284
説得力,6285
絶える,6286
絶やす,6287
絶妙,6288
椿,6289
食い込む,6290
通りかかる,6291
大失敗,6292
いいとも,6293
事件解決,6294
よろしくお願いいたします,6295
じゃあまた,6296
というと,6297
につれ,6298
そうかもしれない,6299
もう少しで,6300
というところ,6301
どうであれ,6302
火に油を注ぐ,6303
心ここにあらず,6304
思ってもみない,6305
やまない,6306
をめぐって,6307
わかんない,6308
ひがの,6309
頭に浮かぶ,6310
ため息をつく,6311
イライト,6312
自ら進んで,6313
名前をつける,6314
しばらくの間,6315
後を追う,6316
自主練習,6317
見当もつかない,6318
どうにかして,6319
なりふり構わず,6320
気を抜く,6321
示しがつかない,6322
鍵がかかる,6323
手が空く,6324
添,6325
点東,6326
どこにでも,6327
先延ばしにする,6328
約束を守る,6329
ほら話,6330
腕を磨く,6331
仮面をかぶる,6332
持ってけ,6333
時間通り,6334
なんとかなる,6335
先輩後輩,6336
種をまく,6337
自分なり,6338
というのに,6339
間違っても,6340
怒,6341
どうかな,6342
生まれて初めて,6343
家族同然,6344
花嫁姿,6345
その気,6346
見切りをつける,6347
その割には,6348
受け続ける,6349
桜の木,6350
羽目になる,6351
不意をつく,6352
姉ちゃん,6353
好きなように,6354
知らしめる,6355
バイト代,6356
結局のところ,6357
ついさっき,6358
指揮を取る,6359
器の大きい,6360
どいつもこいつも,6361
首を振る,6362
身を潜める,6363
つまらん,6364
よくある,6365
痛っ,6366
腕を組む,6367
背筋を伸ばす,6368
頭悪い,6369
顔色が悪い,6370
何語,6371
都合のいい,6372
都合が良い,6373
勇気を出す,6374
足を伸ばす,6375
心の準備,6376
高１,6377
手が塞がる,6378
魅,6379
腰を入れる,6380
立ちっぱなし,6381
目に入る,6382
そこら中,6383
ことこそ,6384
なんだったら,6385
手玉に取る,6386
背が伸びる,6387
足の遅い,6388
細かいこと,6389
心の傷,6390
そんで,6391
ことあるごとに,6392
詫びを入れる,6393
あああ,6394
に限らず,6395
磨きをかける,6396
どうしたって,6397
ませんでした,6398
手を挙げる,6399
薬が効く,6400
連絡がつく,6401
万病のもと,6402
滞りなく,6403
気分が悪い,6404
見に行く,6405
なくてもいい,6406
バスケ,6407
とてもじゃないが,6408
一味違う,6409
話にならない,6410
取り返しのつかない,6411
目を盗む,6412
この中,6413
思ってもいない,6414
ムキムキ,6415
気もない,6416
圧,6417
頭の悪い,6418
手を煩わせる,6419
一縷の望み,6420
のあまり,6421
揃って,6422
手綱を緩める,6423
タバコを吸う,6424
大学を出る,6425
注意を払う,6426
罪を犯す,6427
手が足りない,6428
手に取る,6429
遠い昔,6430
峠を越える,6431
中へ入る,6432
名を挙げる,6433
苦い薬,6434
生活に困る,6435
晴れの日,6436
腹を空かす,6437
バカなことをする,6438
深い愛情,6439
幕を閉じる,6440
幕を引く,6441
満点を取る,6442
迷惑をかける,6443
飯を食う,6444
滅多に見られない,6445
役に立たない,6446
いい天気,6447
別れを惜しむ,6448
災いを招く,6449
離れ離れになる,6450
過ぎたこと,6451
事情を話す,6452
時間を割く,6453
息を詰める,6454
医者を呼ぶ,6455
一度だけ,6456
命を懸ける,6457
腕が鈍る,6458
噂に上る,6459
縁がない,6460
大声を出す,6461
心を奪われる,6462
終わり頃,6463
顔を背ける,6464
風に当たる,6465
気が向かない,6466
気の向くままに,6467
首を傾ける,6468
決心が鈍る,6469
心当たりがある,6470
心の内,6471
心の奥,6472
心の奥底,6473
心を打つ,6474
怖い顔,6475
婚礼の儀,6476
仕事を辞める,6477
質問に答える,6478
真偽のほど,6479
真偽を確かめる,6480
時間を空ける,6481
時間をかける,6482
猛特訓,6483
かねない,6484
ボロを出す,6485
喫煙所,6486
いられないくらい,6487
ありもしない,6488
言い忘れる,6489
毎日毎日,6490
考えすぎ,6491
恋人同士,6492
他言無用,6493
貸してあげる,6494
ざるを得ない,6495
１年前,6496
目をつける,6497
かやの外,6498
だからなんだ,6499
機嫌を取る,6500
負けじと,6501
そういうことか,6502
かあ,6503
により,6504
もともこもない,6505
につれて,6506
変わりない,6507
早寝早起き,6508
でござる,6509
大きすぎる,6510
気を失う,6511
彼自身,6512
そうでない,6513
後にする,6514
目を引く,6515
叩,6516
ないのではないか,6517
名誉挽回,6518
からすると,6519
稽古場,6520
健康管理,6521
生倉,6522
睡眠時間,6523
掃除当番,6524
持ち方,6525
元に戻す,6526
身につける,6527
いい加減にする,6528
これといった,6529
総司,6530
情報収集,6531
睡眠発作,6532
ペットショップ,6533
にんぐ,6534
かねてから,6535
働きすぎ,6536
というのも,6537
若くして,6538
小動物,6539
働きだす,6540
分かりづらい,6541
見続ける,6542
大切に,6543
がてら,6544
お好み,6545
ちょっとそこまで,6546
ものですから,6547
からには,6548
痺れを切らす,6549
目にする,6550
遊びに来る,6551
敬意を払う,6552
何か用,6553
ネット上,6554
顔が見える,6555
そうしないと,6556
好かん,6557
なんてね,6558
どうせだから,6559
からというもの,6560
経てば,6561
残さず,6562
自分から,6563
だろうに,6564
身も心も,6565
間ずっと,6566
周知の事実,6567
何事もなかったかのように,6568
甘々,6569
どうあれ,6570
ごゆっくり,6571
驚くほど,6572
ある意味,6573
誰にだって,6574
身の安全,6575
誇りに思う,6576
むさぼり尽くす,6577
おけばいい,6578
見つめ直す,6579
自分らしい,6580
思うように,6581
惚れ直す,6582
現在に至る,6583
っつー,6584
代わりになる,6585
見つめ合う,6586
なぜだか,6587
平気で,6588
気になれない,6589
期待に応える,6590
変わりよう,6591
意味ない,6592
学生会館,6593
虫の声,6594
ほしいだけ,6595
行動をとる,6596
匂いがする,6597
体を起こす,6598
おばちゃん,6599
せねばならぬ,6600
選び,6601
何にせよ,6602
かと思うと,6603
腰が抜ける,6604
本題に入る,6605
心臓に悪い,6606
とのこと,6607
忘れられない,6608
ズタボロ,6609
手に取るように,6610
愚痴をこぼす,6611
ヘドが出る,6612
油断させる,6613
他に方法がない,6614
あなたたち,6615
前に進む,6616
承認欲求,6617
助けになる,6618
どこにでもある,6619
解決の糸口,6620
肩を貸す,6621
はたから見る,6622
この目で,6623
なんだと,6624
うふん,6625
いい大人,6626
調理実習,6627
目を背ける,6628
迷惑料,6629
体調管理,6630
おかたい,6631
誘いに乗る,6632
最終手段,6633
今日のところは,6634
気の良い,6635
捨てたもんじゃない,6636
死んでも,6637
考えなし,6638
周りの目,6639
食卓を囲む,6640
こんだけ,6641
調子が狂う,6642
命を奪う,6643
今すぐにでも,6644
致し方ない,6645
無理は禁物,6646
一人ずつ,6647
みのため,6648
声がする,6649
世に言う,6650
支障をきたす,6651
叶わぬ,6652
身動きが取れない,6653
味がする,6654
許しを乞う,6655
何とも言えない,6656
姿をくらます,6657
行方をくらます,6658
語弊がある,6659
全力を尽くす,6660
歯を立てる,6661
昼夜を問わず,6662
吹奏楽部,6663
心を癒す,6664
手綱を締める,6665
みたいです,6666
タンザナイト,6667
わがままを言う,6668
古き良き,6669
縄をかける,6670
よくあること,6671
亡き父,6672
ないない,6673
理解に苦しむ,6674
距離を置く,6675
涙が出る,6676
今となっては,6677
後になる,6678
痛いところ,6679
男慣れ,6680
品のない,6681
時間の無駄,6682
ちょっとずつ,6683
パリング,6684
プライム,6685
我慢しないで,6686
気がせく,6687
にしろ,6688
手をかける,6689
書いとく,6690
夜ごはん,6691
本来であれば,6692
さえも,6693
恐ろしい思いをする,6694
ギリギリまで,6695
倫理観,6696
あろうことか,6697
アーッ,6698
どうしてる,6699
聞き覚えがある,6700
水をやる,6701
追いかけっこ,6702
探偵事務所,6703
また来週,6704
羽を広げる,6705
生き続ける,6706
なんだこれは,6707
とやら,6708
うまいな,6709
火を放つ,6710
名を馳せる,6711
力押し,6712
穢れのない,6713
縁もゆかりもない,6714
想像がつく,6715
握り返す,6716
言葉を交わす,6717
口を開く,6718
いい歳して,6719
気を張る,6720
恐れを成す,6721
穴を埋める,6722
血を流す,6723
口を閉ざす,6724
心惹かれる,6725
手を取る,6726
名を汚す,6727
寝ても覚めても,6728
お付き合い,6729
サッカー部,6730
一緒になる,6731
お腹いっぱい,6732
ねす,6733
そうす,6734
揺す,6735
黙,6736
角部屋,6737
その時はその時,6738
幼い頃,6739
らしくない,6740
目を配る,6741
ぞい,6742
さすがは,6743
ならともかく,6744
突然目,6745
愛情表現,6746
家の外,6747
相手にする,6748
力を込める,6749
人より,6750
最悪の事態,6751
これから先,6752
ぶっ,6753
肝が座る,6754
精が出る,6755
永久保存版,6756
スポ,6757
やったら,6758
手が離れる,6759
だけしか,6760
肩の力を抜く,6761
上一,6762
困った人,6763
前言撤回,6764
ここから,6765
ここら辺,6766
悪い癖,6767
そういや,6768
見てろよ,6769
大正解,6770
意味がある,6771
先の話,6772
貧困問題,6773
間違いなく,6774
さえすれば,6775
やればできる,6776
クレス,6777
気がつくと,6778
訴えかける,6779
いい気になる,6780
ひょろい,6781
死んでも死にきれない,6782
保冷剤,6783
かんざしや,6784
媚びを売る,6785
気が晴れる,6786
身を焦がす,6787
二人暮らし,6788
３年生,6789
ちょうだい,6790
枚,6791
真っ赤,6792
ということだ,6793
臨時休業,6794
勉強になる,6795
身の振り方,6796
目を輝かす,6797
掴みどころがない,6798
透明感,6799
脳筋,6800
会社経営,6801
当然のこと,6802
答えを出す,6803
息が切れる,6804
一歩手前,6805
今から,6806
声を殺す,6807
音楽活動,6808
気が緩む,6809
人呼んで,6810
いつからか,6811
丸くなる,6812
祈りを捧げる,6813
当たり障りのない,6814
身を守る,6815
しめる,6816
くさ,6817
じこ,6818
わずか,6819
くわえる,6820
ごちそう,6821
咄嗟,6822
再び,6823
スッキリ,6824
何でも屋,6825
フリをする,6826
じゃね,6827
一ヶ月,6828
はつ,6829
二回,6830
なければいけない,6831
なければなりません,6832
なぜか,6833
美,6834
行けない,6835
なみ,6836
疎い,6837
あいず,6838
合図,6839
手離す,6840
巻き,6841
ご用,6842
饅頭,6843
よみがえる,6844
ついている,6845
四人,6846
ムカつく,6847
むかつく,6848
お人よし,6849
おひとよし,6850
もぬけの殻,6851
もぬけのから,6852
一週間,6853
１週間,6854
行ってらっしゃい,6855
いってらっしゃい,6856
かっこつける,6857
カッコつける,6858
まいっか,6859
まあいいか,6860
してもよい,6861
してもいい,6862
ダメダメ,6863
だめだめ,6864
変わってる,6865
かる,6866
刈る,6867
変わっている,6868
した方が良い,6869
した方がいい,6870
連れて来る,6871
連れてくる,6872
お腹すく,6873
お腹が空く,6874
４人,6875
仲良い,6876
ならぶ,6877
ぶ,6878
かまう,6879
ふらふら,6880
シー,6881
コミ,6882
たれる,6883
垂れる,6884
いいっていう,6885
丁度いい,6886
した,6887
ぬれる,6888
しろ,6889
はる,6890
きたい,6891
線,6892
溜まる,6893
溜る,6894
しみる,6895
チョー,6896
既に,6897
もうひとつ,6898
たす,6899
足す,6900
とり,6901
なつ,6902
敷く,6903
勤める,6904
よくする,6905
だり,6906
傷む,6907
そういうもの,6908
ちっ,6909
口答え,6910
失せる,6911
案,6912
ひかれる,6913
恰好,6914
智,6915
そう言った,6916
かざみ,6917
つまむ,6918
ふる,6919
宛,6920
にらむ,6921
くむ,6922
けんこう,6923
介,6924
乗せる,6925
微か,6926
なんのこと,6927
おいしそう,6928
ついて来る,6929
やった,6930
だます,6931
れい,6932
やっかい,6933
やさい,6934
すう,6935
何と,6936
めす,6937
召す,6938
こがす,6939
焦がす,6940
一年,6941
オッケイ,6942
口応え,6943
最も,6944
あふれ返る,6945
溢れかえる,6946
あふれかえる,6947
根をあげる,6948
根を上げる,6949
音を上げる,6950
ときには,6951
クラスメート,6952
傍ら,6953
御門,6954
やらしい,6955
火照る,6956
わかりやすい,6957
ならない,6958
堅い,6959
具,6960
マシ,6961
きらめく,6962
煌めく,6963
まし,6964
じきじき,6965
直々,6966
縋る,6967
すがる,6968
塞ぐ,6969
ふさぐ,6970
断つ,6971
たつ,6972
合い鍵,6973
愛くるしい,6974
二つ,6975
一軒屋,6976
何でまた,6977
サラダボウル,6978
サラダボール,6979
なんでまた,6980
肝に命ずる,6981
肝に銘ずる,6982
どうかしてる,6983
どうかしている,6984
口をそろえる,6985
口を揃える,6986
良い度胸,6987
いい度胸,6988
いくら何でも,6989
いくらなんでも,6990
目を逸らす,6991
目をそらす,6992
餌入れ,6993
エサ入れ,6994
だら,6995
たら,6996
やける,6997
焼ける,6998
寝こむ,6999
寝込む,7000
もり,7001
森,7002
人斬り,7003
人切り,7004
おくれる,7005
肩書,7006
肩書き,7007
籠,7008
張り付く,7009
はかま,7010
ぐずぐず,7011
グズグズ,7012
アリ,7013
あり,7014
雲,7015
くも,7016
かれこれ,7017
あれこれ,7018
手拭い,7019
手ぬぐい,7020
執著,7021
ショー,7022
ショウ,7023
執着,7024
薄々,7025
うすうす,7026
鈴,7027
りん,7028
当て,7029
宛て,7030
つて,7031
掻き立てる,7032
かきたてる,7033
正しく,7034
まさしく,7035
縦,7036
たて,7037
袴,7038
もっとも,7039
こんばん,7040
さす,7041
張りつく,7042
カゴ,7043
被う,7044
覆う,7045
一昨日,7046
おととい,7047
嗅ぐ,7048
かぐ,7049
来,7050
らい,7051
あんまりに,7052
ばらす,7053
バラす,7054
あまりに,7055
ふう,7056
能天気,7057
脳天気,7058
しい,7059
にょう,7060
通,7061
つう,7062
質,7063
取り,7064
取,7065
しつ,7066
時価,7067
じか,7068
刺す,7069
今晩,7070
いそぐ,7071
まじか,7072
２度,7073
立,7074
食べにくい,7075
人前で,7076
キリがない,7077
動き出す,7078
先導者,7079
尖った,7080
相,7081
相手をする,7082
息を吐く,7083
足がつく,7084
存在意義,7085
たわいもない,7086
やらかす,7087
体中,7088
知らない間に,7089
仲が良い,7090
途方もない,7091
あてのない,7092
頭がおかしい,7093
同情心,7094
得体の知れない,7095
内通者,7096
２人分,7097
見向きもしない,7098
たい,7099
日ごとに,7100
年ぶり,7101
台無しにする,7102
ひょっとしたら,7103
弱音を吐く,7104
耳を澄ます,7105
静香,7106
気がある,7107
気が済む,7108
気が短い,7109
気が変わる,7110
気が利く,7111
逆に,7112
休ませる,7113
空飛ぶ,7114
血も涙もない,7115
徹,7116
東向,7117
厳密に言えば,7118
ぐるっと,7119
ご連絡,7120
攻防戦,7121
せっせと,7122
そうですが,7123
白川,7124
八坂,7125
国中,7126
美光,7127
３回,7128
保,7129
どころか,7130
初めは,7131
私自身,7132
メス犬,7133
明石,7134
肌で感じる,7135
発生率,7136
罰が当たる,7137
嫌というほど,7138
腹減った,7139
気が紛れる,7140
気が抜ける,7141
薬になる,7142
我を忘れる,7143
能がない,7144
オーガー,7145
うまくやる,7146
なりに,7147
分かり合う,7148
衛生上,7149
衛生管理,7150
痛い目,7151
語彙力,7152
お近づき,7153
間抜け面,7154
見て見ぬふり,7155
一たまりもない,7156
咲夜,7157
水いらずで,7158
そしらぬ顔,7159
ちゅ,7160
瞬,7161
面会時間,7162
色恋沙汰,7163
いい歳,7164
進,7165
そうとする,7166
頼みの綱,7167
月白,7168
丸一,7169
気を取られる,7170
偉そう,7171
移,7172
ついていく,7173
浮かない顔,7174
文学賞,7175
保険証,7176
ほっといてくれ,7177
やき,7178
目がない,7179
目をつむる,7180
目を離す,7181
嘉野,7182
夕食後,7183
予定通り,7184
はるかに,7185
皆月,7186
叶,7187
相反する,7188
チャチャを入れる,7189
救,7190
意思疎通,7191
申し訳ありません,7192
にかけて,7193
第５,7194
居続ける,7195
腹が減る,7196
骨が折れる,7197
一目置く,7198
ぐちゃ,7199
お断り,7200
べし,7201
カッコ悪い,7202
荷物を詰める,7203
新屋,7204
上る,7205
懐く,7206
ケガ,7207
流石に,7208
思いで,7209
終,7210
虚,7211
あずかる,7212
むろん,7213
無論,7214
イケる,7215
うわあ,7216
頂く,7217
しようがない,7218
三人,7219
ウケる,7220
あはははは,7221
アハハ,7222
まじ,7223
そのまんま,7224
要る,7225
あいだ,7226
すっげー,7227
色んな,7228
とうぜん,7229
あさ,7230
こ,7231
うそ,7232
ばか,7233
くう,7234
なでる,7235
きる,7236
気を遣う,7237
われ,7238
あぶない,7239
あれる,7240
カン,7241
せん,7242
心地いい,7243
いえいえ,7244
なんもない,7245
におい,7246
いいわけ,7247
振り,7248
ば,7249
持っていく,7250
いまだに,7251
ってね,7252
なんかい,7253
何でもいい,7254
元々,7255
しのぶ,7256
忍ぶ,7257
失くす,7258
終う,7259
ことし,7260
気を付ける,7261
がた,7262
かえり,7263
過ぎ,7264
なんとか,7265
よくなる,7266
頭が硬い,7267
ムリ,7268
還る,7269
ご心配なく,7270
だけあって,7271
だもの,7272
っぱなし,7273
というのは,7274
と同じように,7275
どうぞよろしく,7276
どこでも,7277
どちら様,7278
によれば,7279
ムキになる,7280
ブラッキー,7281
伊音,7282
いけだ,7283
うふ,7284
諌,7285
究,7286
待たす,7287
ピンとくる,7288
紅華,7289
三島,7290
四条,7291
育て方,7292
やってのける,7293
噂通り,7294
うっすら,7295
昭久,7296
消,7297
照,7298
ご苦労さん,7299
おおい,7300
すいません,7301
かなわない,7302
達,7303
だーめ,7304
けっこう,7305
からだ,7306
だす,7307
１つ,7308
しかして,7309
もつ,7310
うれしい,7311
きょう,7312
よな,7313
タダ,7314
いまだ,7315
善い,7316
あん,7317
と言う,7318
うむ,7319
かなー,7320
モノ,7321
きみ,7322
通販,7323
こら,7324
お化け屋敷,7325
良き,7326
お構いなく,7327
ここんとこ,7328
お風呂に入る,7329
こちらこそ,7330
通り過ぎる,7331
手を取り合う,7332
どうにかなる,7333
グレー,7334
治す,7335
サンキュー,7336
振り抜く,7337
おごる,7338
スピーディ,7339
スペック,7340
ゼリー,7341
タイマー,7342
囲む,7343
パターン,7344
ピケット,7345
フィルター,7346
園,7347
フロー,7348
ヘルプ,7349
ボディ,7350
ポジティブ,7351
あさげ,7352
マッサージ,7353
マフィン,7354
モニター,7355
リア,7356
リセット,7357
リップ,7358
レビュー,7359
ワーカホリック,7360
あうん,7361
プログラミング,7362
クリア,7363
キャパシティ,7364
どける,7365
ときめく,7366
ドキドキ,7367
ノコノコ,7368
ハッタリ,7369
はっと,7370
ぶれる,7371
ばっちり,7372
バラバラ,7373
ひたむき,7374
ビクビク,7375
ピッカピカ,7376
打ちつける,7377
ブツブツ,7378
ヘラヘラ,7379
ボロい,7380
ぼんやり,7381
まんまと,7382
わたくし,7383
メソメソ,7384
もどかしい,7385
やきもき,7386
ややこしい,7387
アクセサリー,7388
む,7389
アボカド,7390
だく,7391
インターフェス,7392
根本,7393
エレベーター,7394
いたずらっこ,7395
こき下ろす,7396
宛てがう,7397
飴玉,7398
迷い込む,7399
野,7400
野良猫,7401
躊躇う,7402
羽織る,7403
両足,7404
雨宿り,7405
律儀,7406
嘘つき,7407
引き上げる,7408
瓜二つ,7409
運び込む,7410
嫌がる,7411
満ち足りる,7412
速攻,7413
炎,7414
煙たい,7415
しょっぱい,7416
いなす,7417
押し入る,7418
殴りつける,7419
黄金色,7420
バレバレ,7421
音声,7422
下手くそ,7423
下船,7424
下劣,7425
下ごしらえ,7426
埋め込む,7427
ちょっぴり,7428
放り込む,7429
隠し事,7430
泡立つ,7431
安寧,7432
かしこまる,7433
違える,7434
医術,7435
一仕事,7436
ひととき,7437
一人寝,7438
ラジオ,7439
なさる,7440
一品,7441
ひとしきり,7442
一本,7443
押し,7444
いじめる,7445
茨,7446
印,7447
作り出す,7448
桜色,7449
引きずる,7450
引き締まる,7451
出版,7452
針,7453
引き裂く,7454
引ける,7455
ひけ目,7456
早起き,7457
みだら,7458
途絶える,7459
右足,7460
何者,7461
ちっと,7462
そわそわ,7463
路地裏,7464
年越しそば,7465
指示語,7466
幸いする,7467
大盛況,7468
青紫,7469
ユニットバス,7470
発声練習,7471
白あん,7472
行動力,7473
立ち位置,7474
辛さ,7475
どする,7476
ブラックジョーク,7477
差し,7478
全否定,7479
平屋建て,7480
どうでも,7481
枯れ果てる,7482
いず,7483
貧乏臭い,7484
引っ張り込む,7485
存在価値,7486
宿場町,7487
泥だらけ,7488
やらせる,7489
食レポ,7490
試しに,7491
どんと,7492
恐れながら,7493
職業柄,7494
者ども,7495
よしよし,7496
消する,7497
寝ぼすけ,7498
モンブラン,7499
もしや,7500
願わくば,7501
みへん,7502
徳川幕府,7503
嬢さん,7504
さね,7505
２分,7506
料理茶屋,7507
宝飾店,7508
りたい,7509
ござい,7510
誰かさん,7511
力尽きる,7512
朝練,7513
あれから,7514
ワンポイント,7515
ネットニュース,7516
進んで,7517
してみれば,7518
騒がせる,7519
バックヤード,7520
スピンオフ,7521
理想像,7522
絡ませる,7523
対抗試合,7524
ワレズ,7525
むちゃぶり,7526
数週間,7527
がったり,7528
拓也,7529
鳥海,7530
島原,7531
敦,7532
はたり,7533
名草,7534
あしらう,7535
うろうろ,7536
うろたえる,7537
えげつない,7538
かじかむ,7539
カラカラ,7540
ガツガツ,7541
きっちり,7542
ぎっくり腰,7543
ぐらつく,7544
こそこそ,7545
こないだ,7546
この度,7547
ごちゃごちゃ,7548
さらさら,7549
ゼロ,7550
しゃり,7551
大人になる,7552
ズケズケ,7553
ずぶ濡れ,7554
ずれる,7555
せこい,7556
せしめる,7557
大平,7558
たかが,7559
大介,7560
春雄,7561
物欲しそう,7562
可愛がり,7563
生徒手帳,7564
生活態度,7565
天津,7566
違くて,7567
初仕事,7568
恋愛感情,7569
ほらほら,7570
いつの間に,7571
回り回って,7572
土佐,7573
８時,7574
ぼっち飯,7575
暴行罪,7576
デジタルデトックス,7577
第６,7578
宇,7579
相入れる,7580
隔つ,7581
次郎,7582
１０人,7583
心の闇,7584
まるや,7585
沖田,7586
原田,7587
ゆきなが,7588
黒羽,7589
春野,7590
村上,7591
どいつ,7592
競,7593
まだまだこれから,7594
徐々,7595
傷薬,7596
小話,7597
消し飛ぶ,7598
焼き払う,7599
笑い事,7600
嬢,7601
情欲,7602
色合い,7603
食い違い,7604
喰らいつく,7605
心持ち,7606
心変わり,7607
助け出す,7608
振りほどく,7609
申し出る,7610
真っ先,7611
薪,7612
みじろぐ,7613
震わせる,7614
つかす,7615
たれ,7616
みなづき,7617
酔っ払う,7618
澄む,7619
凄み,7620
成立つ,7621
政,7622
申し合わせる,7623
助,7624
かきつける,7625
盾,7626
自習,7627
叱咤,7628
しっぷう,7629
取り巻く,7630
取り寄せる,7631
取り計らう,7632
取り入る,7633
取り消す,7634
取り付ける,7635
手応え,7636
手回し,7637
手洗い,7638
手足,7639
狩り,7640
種,7641
受け継ぐ,7642
受け止める,7643
受け流す,7644
まじない,7645
呪う,7646
就く,7647
重なり合う,7648
重り,7649
だし汁,7650
出し渋る,7651
出汁,7652
出直す,7653
出払う,7654
行き場,7655
生まれつく,7656
生み出す,7657
生ぬるい,7658
待ち焦がれる,7659
ざま,7660
大型,7661
大社,7662
大層,7663
おおよそ,7664
叩き起こす,7665
たらこ,7666
たらふく,7667
探し出す,7668
談義,7669
たるむ,7670
恥じ入る,7671
着せる,7672
中高,7673
昼時,7674
虫の息,7675
でっち,7676
貼り出す,7677
朝っ腹,7678
朝日,7679
朝霧,7680
長袖,7681
長持ち,7682
追い詰める,7683
追い込み,7684
追い立てる,7685
痛めつける,7686
打鍵,7687
もてはやす,7688
ぶん殴る,7689
唾,7690
盛り上がる,7691
声変わり,7692
青色,7693
積み重なる,7694
切り開く,7695
切り合い,7696
切り上げる,7697
切り抜ける,7698
切り分ける,7699
切り落とす,7700
切り裂く,7701
切羽詰まる,7702
じみる,7703
煽り,7704
羨む,7705
選び取る,7706
疎む,7707
祖父,7708
素振り,7709
素性,7710
かき集める,7711
痩せこける,7712
走り抜ける,7713
送り出す,7714
騒ぎ立てる,7715
田地,7716
足早,7717
揃い,7718
たあい,7719
打ち切る,7720
持ち歩く,7721
持ち場,7722
じり,7723
キビ,7724
まさぐる,7725
泣き虫,7726
泣きつく,7727
給,7728
強いて言うなら,7729
ひるむ,7730
仰向け,7731
玉ねぎ,7732
たま,7733
筋,7734
筋書き,7735
こんぺいとう,7736
くりん,7737
駆け抜ける,7738
隅,7739
かがむ,7740
掘り下げる,7741
行動を起こす,7742
繋ぎ,7743
鶏,7744
隙,7745
欠ける,7746
欠片,7747
剣,7748
見出す,7749
見くびる,7750
見せつける,7751
見せ物,7752
偽,7753
見ごろ,7754
うえる,7755
はた,7756
ぱったり,7757
果物,7758
キノ,7759
火蓋,7760
花瓶,7761
苛立つ,7762
霞む,7763
会所,7764
回り道,7765
薬売り,7766
なつく,7767
格別,7768
覚める,7769
掛け,7770
割れる,7771
滑らか,7772
かったん,7773
かつ,7774
噛み合う,7775
カツオ,7776
噛みつく,7777
現役時代,7778
生徒指導室,7779
間取り,7780
丸,7781
含む,7782
眼差し,7783
奇遇,7784
寄り合い,7785
気配,7786
なんであれ,7787
見捨てる,7788
見渡す,7789
たちまち,7790
今しがた,7791
今朝方,7792
救急外来,7793
恨めしい,7794
根源,7795
差し込む,7796
差し伸べる,7797
砂,7798
ざり,7799
采配,7800
際立つ,7801
剤,7802
作り直す,7803
削ぐ,7804
すり抜ける,7805
雑用,7806
錆び付く,7807
３枚,7808
仕る,7809
幸せ者,7810
仕上がり,7811
しつける,7812
しまい込む,7813
思い切る,7814
思い直す,7815
思い立つ,7816
死人,7817
歯形,7818
ないに等しい,7819
見据える,7820
刻々,7821
合体,7822
見当たる,7823
見抜く,7824
いたずら,7825
言い聞かす,7826
言い聞かせる,7827
おしまい,7828
花びら,7829
呼び寄せる,7830
ブラウス,7831
塩辛,7832
狐,7833
泣き叫ぶ,7834
選び出す,7835
馴れ馴れしい,7836
後ほど,7837
変わり果てる,7838
抱き合う,7839
よそよそしい,7840
語り継ぐ,7841
厚揚げ,7842
口元,7843
考え込む,7844
荒っぽい,7845
荒れ狂う,7846
行き交う,7847
行き届く,7848
高鳴り,7849
合い,7850
合す,7851
轟く,7852
それはそれとして,7853
あるべき,7854
寄ってたかって,7855
あっという間に,7856
よいしょ,7857
あの方,7858
いくつも,7859
おじいさん,7860
お待ちどうさま,7861
お別れ,7862
ざわつく,7863
ぎゅっと,7864
何人か,7865
ごまかし,7866
ご苦労様,7867
そこまで,7868
和島,7869
度に,7870
素,7871
そこらへん,7872
お花畑,7873
ゴーストライター,7874
ノー,7875
サボる,7876
意味深,7877
すれば,7878
スポこん,7879
こびりつく,7880
トップバッター,7881
どのよう,7882
林太郎,7883
目沢,7884
牧雄,7885
ますや,7886
かむら,7887
かぎん,7888
歌舞伎町,7889
岸尾,7890
岸尾大輔,7891
久賀,7892
圭介,7893
耕介,7894
さきょう,7895
さもり,7896
笹谷,7897
ちが,7898
七瀬,7899
謝,7900
アラヤ,7901
真希夫,7902
神社前,7903
神船,7904
やつぎ,7905
殿田,7906
藤善,7907
藤方,7908
内入,7909
日野島,7910
悩,7911
能島,7912
いたいた,7913
お側,7914
ハッピーエンド,7915
バスタオル,7916
ひょっとして,7917
何ヶ月,7918
いつぞや,7919
お待たせしました,7920
家族連れ,7921
さよなら,7922
過激派,7923
お邪魔,7924
学生寮,7925
感じ取る,7926
缶詰,7927
関連会社,7928
気をつけ,7929
気がかり,7930
どこにも,7931
気まずい,7932
季節外れ,7933
擬人化,7934
久方ぶり,7935
休業日,7936
ばかりか,7937
朽ち果てる,7938
むさ苦しい,7939
数時間,7940
興味本位,7941
痴,7942
ナビ,7943
区切り,7944
駆け込み寺,7945
防犯カメラ,7946
ローテンブルク,7947
お世話,7948
それでいて,7949
とんと,7950
誰にでも,7951
ブチギレ,7952
ホコリっぽい,7953
ボンゴ,7954
なた,7955
つまびらか,7956
質問をする,7957
二度と,7958
大喧嘩,7959
ライブハウス,7960
ラブソング,7961
何気に,7962
哀れっぽい,7963
お父様,7964
案じる,7965
尉,7966
し尽くす,7967
１時間,7968
一人残らず,7969
ずる,7970
一段落,7971
一日中,7972
一発,7973
一般論,7974
一文,7975
かといって,7976
これっぽっち,7977
大事件,7978
生まれ育つ,7979
現場,7980
ルセ,7981
ボリュー,7982
隙間なく,7983
可能な限り,7984
夜の街,7985
想像通り,7986
どうってことない,7987
すいな,7988
うまいこと,7989
馬鹿を言う,7990
お届け,7991
最初で最後,7992
話が早い,7993
心の中,7994
血の繋がった,7995
心を開く,7996
どっちかというと,7997
はずない,7998
心の痛み,7999
他を当たる,8000
隠し通す,8001
おめえ,8002
自分一人,8003
手を伸ばす,8004
手に負える,8005
たまったもんじゃない,8006
眠そう,8007
つもりで言う,8008
最初から最後まで,8009
行かなくては,8010
名前だけ,8011
いただければと思う,8012
腹を切る,8013
諦めの境地,8014
印象に残る,8015
自分語り,8016
なにこれ,8017
何度となく,8018
荒を探す,8019
整理がつく,8020
料理上手,8021
話は別,8022
危険にさらす,8023
わけではありません,8024
暴力を振るう,8025
皆様方,8026
大豆肉,8027
レオ,8028
その他諸々,8029
頭を切り替える,8030
覗き見る,8031
人数分,8032
さっきから,8033
人気が出る,8034
くんない,8035
心配症,8036
愛しの,8037
したる,8038
何にしろ,8039
かかってこい,8040
恋愛体質,8041
バーム,8042
飽きもせず,8043
よくできました,8044
作り笑顔,8045
苦労をかける,8046
仲間たち,8047
どちらでも,8048
一度きり,8049
そんなところ,8050
１８時,8051
もう無理,8052
成果を上げる,8053
始末をつける,8054
恩を返す,8055
いいよ,8056
余すことなく,8057
厄介なことに,8058
蓋をする,8059
上に立つ,8060
小腹が減る,8061
ナルちゃん,8062
うおー,8063
どっから,8064
裏路地,8065
くの,8066
しんのすけ,8067
てるよ,8068
イルマ,8069
カイせ,8070
クレハ,8071
ケエこ,8072
ション,8073
スネー,8074
トロー,8075
ピション,8076
どうなってる,8077
マキイ,8078
見覚えがある,8079
命を散らす,8080
負の連鎖,8081
何をするにも,8082
そいつら,8083
クリーニング店,8084
俺的,8085
朝から晩まで,8086
今のまま,8087
朝早い,8088
事と次第によっては,8089
その調子,8090
体に悪い,8091
方たち,8092
死なせる,8093
商業施設,8094
７割,8095
８割,8096
９割,8097
それよりも,8098
体育教師,8099
こっから,8100
間中,8101
残念なこと,8102
シズ,8103
安静にする,8104
普段通り,8105
あってはならない,8106
食べ終える,8107
やるじゃん,8108
笑い合う,8109
あきお,8110
古臭い,8111
うさんくさい,8112
５つ,8113
並木道,8114
見る目,8115
最上級,8116
それそれ,8117
実に,8118
ある限り,8119
卑怯者,8120
お疲れ,8121
若旦那,8122
成人式,8123
洗面台,8124
死に場所,8125
ロシア,8126
方向転換,8127
町医者,8128
闇夜,8129
大和なでしこ,8130
大間違い,8131
記念品,8132
記憶力,8133
装飾品,8134
知らぬ顔,8135
三年,8136
危機感,8137
劣等生,8138
乱暴者,8139
思い通り,8140
生菓子,8141
毎夜,8142
取り越し苦労,8143
身一つ,8144
着眼点,8145
せーの,8146
懲戒免職,8147
第三,8148
駅ビル,8149
他ならぬ,8150
ここのところ,8151
それまで,8152
ひっかき回す,8153
見つけ出す,8154
これこそ,8155
心する,8156
思い描く,8157
ずぼし,8158
最終日,8159
あだなす,8160
断捨離,8161
尊王攘夷,8162
宣戦布告,8163
模範生,8164
望み通り,8165
口の端,8166
後の祭り,8167
格闘技,8168
衝動的,8169
洞察力,8170
ひっかき傷,8171
お構いなし,8172
お気に,8173
手一杯,8174
夕,8175
亡くす,8176
抑える,8177
風邪気味,8178
何かしら,8179
食わせる,8180
こうした,8181
釣られる,8182
話し出す,8183
言い過ぎ,8184
より良い,8185
バル,8186
いっぱいいっぱい,8187
仕事人間,8188
お言葉,8189
りする,8190
ニュースサイト,8191
思いきや,8192
マジレス,8193
やっていく,8194
最優先,8195
ああした,8196
月代,8197
虫の音,8198
そのくせ,8199
死する,8200
ミドルネーム,8201
金ボタン,8202
何人たりとも,8203
熱狂的,8204
なんだって,8205
もっかい,8206
特徴的,8207
テレビドラマ,8208
お小言,8209
安,8210
まする,8211
猫可愛がり,8212
でっち上げる,8213
言い過ぎる,8214
引きずり出す,8215
疲れ切る,8216
煮えくり返る,8217
生き抜く,8218
陣取る,8219
賭する,8220
怖がり,8221
お開き,8222
高層ビル,8223
消毒液,8224
人間くさい,8225
放っておく,8226
瞬く間に,8227
魅せられる,8228
ナースコール,8229
ペットボトル,8230
芸術品,8231
自己満足,8232
愉快犯,8233
新入り,8234
長の,8235
悲しさ,8236
ある程度,8237
これっきり,8238
どうかすると,8239
兄上,8240
我慢強い,8241
間に合わせる,8242
託す,8243
値する,8244
人物像,8245
尽き果てる,8246
数名,8247
正義感,8248
正直者,8249
真に,8250
設計図,8251
読み解く,8252
洗濯機,8253
しっ,8254
知らないうちに,8255
全う,8256
発症,8257
それゆえ,8258
尊上,8259
はだける,8260
お手柔らかに,8261
暖かさ,8262
お米,8263
怒鳴り散らす,8264
昼日中,8265
朝稽古,8266
お金持ち,8267
おごり,8268
ディ,8269
直談判,8270
それどころ,8271
ごちゃ混ぜ,8272
冴え冴え,8273
人間並み,8274
東海道,8275
身代金,8276
心の底,8277
今まで通り,8278
ごちそうさま,8279
こういった,8280
とっくの昔,8281
寂しがり屋,8282
歴,8283
どこにもない,8284
正式名称,8285
待ち合わせ場所,8286
困らせる,8287
三番,8288
三門,8289
しかねる,8290
姉上,8291
思い切った,8292
私有地,8293
時間外,8294
弱さ,8295
守り抜く,8296
おやすい,8297
住みなれる,8298
いろいろあって,8299
戒,8300
上半身,8301
何なのか,8302
失礼します,8303
真正面,8304
もしか,8305
おかみさん,8306
お役目,8307
目論む,8308
問答無用,8309
鴨川,8310
あり得る,8311
欲張り,8312
裏地,8313
その辺,8314
冷え切る,8315
ろうする,8316
腑抜け,8317
一家,8318
くおん,8319
すりおろす,8320
３組,8321
出版社,8322
数ヶ月,8323
修行,8324
お次,8325
掃除機,8326
数年前,8327
昔のまま,8328
取引先,8329
人並み,8330
お目通り,8331
わかりきる,8332
分かりにくい,8333
我ら,8334
つけっぱなし,8335
もめん,8336
お荷物,8337
盲目的,8338
免じる,8339
えたい,8340
この後,8341
ひび割れる,8342
飛び級,8343
二足,8344
２倍,8345
日本語,8346
念のため,8347
馬鹿にする,8348
馬鹿正直,8349
馬鹿力,8350
半時,8351
わずかに,8352
お迎え,8353
飽き足る,8354
お会計,8355
不安げ,8356
お見通し,8357
ぶっぱなす,8358
不法侵入,8359
怖がる,8360
平,8361
母上,8362
毎朝,8363
またとない,8364
万が一,8365
満身創痍,8366
娘さん,8367
明朝,8368
面する,8369
食材,8370
